--
-- PostgreSQL database dump
--

-- Dumped from database version 15.4
-- Dumped by pg_dump version 15.4

SET statement_timeout = 0;
SET lock_timeout = 0;
SET idle_in_transaction_session_timeout = 0;
SET client_encoding = 'UTF8';
SET standard_conforming_strings = on;
SELECT pg_catalog.set_config('search_path', '', false);
SET check_function_bodies = false;
SET xmloption = content;
SET client_min_messages = warning;
SET row_security = off;

--
-- Name: tiger; Type: SCHEMA; Schema: -; Owner: navisdevs
--

CREATE SCHEMA tiger;


ALTER SCHEMA tiger OWNER TO navisdevs;

--
-- Name: tiger_data; Type: SCHEMA; Schema: -; Owner: navisdevs
--

CREATE SCHEMA tiger_data;


ALTER SCHEMA tiger_data OWNER TO navisdevs;

--
-- Name: topology; Type: SCHEMA; Schema: -; Owner: navisdevs
--

CREATE SCHEMA topology;


ALTER SCHEMA topology OWNER TO navisdevs;

--
-- Name: SCHEMA topology; Type: COMMENT; Schema: -; Owner: navisdevs
--

COMMENT ON SCHEMA topology IS 'PostGIS Topology schema';


--
-- Name: fuzzystrmatch; Type: EXTENSION; Schema: -; Owner: -
--

CREATE EXTENSION IF NOT EXISTS fuzzystrmatch WITH SCHEMA public;


--
-- Name: EXTENSION fuzzystrmatch; Type: COMMENT; Schema: -; Owner: 
--

COMMENT ON EXTENSION fuzzystrmatch IS 'determine similarities and distance between strings';


--
-- Name: postgis; Type: EXTENSION; Schema: -; Owner: -
--

CREATE EXTENSION IF NOT EXISTS postgis WITH SCHEMA public;


--
-- Name: EXTENSION postgis; Type: COMMENT; Schema: -; Owner: 
--

COMMENT ON EXTENSION postgis IS 'PostGIS geometry and geography spatial types and functions';


--
-- Name: postgis_tiger_geocoder; Type: EXTENSION; Schema: -; Owner: -
--

CREATE EXTENSION IF NOT EXISTS postgis_tiger_geocoder WITH SCHEMA tiger;


--
-- Name: EXTENSION postgis_tiger_geocoder; Type: COMMENT; Schema: -; Owner: 
--

COMMENT ON EXTENSION postgis_tiger_geocoder IS 'PostGIS tiger geocoder and reverse geocoder';


--
-- Name: postgis_topology; Type: EXTENSION; Schema: -; Owner: -
--

CREATE EXTENSION IF NOT EXISTS postgis_topology WITH SCHEMA topology;


--
-- Name: EXTENSION postgis_topology; Type: COMMENT; Schema: -; Owner: 
--

COMMENT ON EXTENSION postgis_topology IS 'PostGIS topology spatial types and functions';


SET default_tablespace = '';

SET default_table_access_method = heap;

--
-- Name: accounts_businessaccount; Type: TABLE; Schema: public; Owner: navisdevs
--

CREATE TABLE public.accounts_businessaccount (
    id uuid NOT NULL,
    tariff_plan integer NOT NULL,
    deadline timestamp with time zone NOT NULL,
    name character varying(255) NOT NULL,
    description text,
    location character varying(255),
    website character varying(200),
    created_at timestamp with time zone NOT NULL,
    video character varying(100),
    user_id uuid NOT NULL
);


ALTER TABLE public.accounts_businessaccount OWNER TO navisdevs;

--
-- Name: accounts_businessaccountimages; Type: TABLE; Schema: public; Owner: navisdevs
--

CREATE TABLE public.accounts_businessaccountimages (
    id bigint NOT NULL,
    image character varying(100) NOT NULL,
    main_id uuid NOT NULL
);


ALTER TABLE public.accounts_businessaccountimages OWNER TO navisdevs;

--
-- Name: accounts_businessaccountimages_id_seq; Type: SEQUENCE; Schema: public; Owner: navisdevs
--

ALTER TABLE public.accounts_businessaccountimages ALTER COLUMN id ADD GENERATED BY DEFAULT AS IDENTITY (
    SEQUENCE NAME public.accounts_businessaccountimages_id_seq
    START WITH 1
    INCREMENT BY 1
    NO MINVALUE
    NO MAXVALUE
    CACHE 1
);


--
-- Name: accounts_tariffplan; Type: TABLE; Schema: public; Owner: navisdevs
--

CREATE TABLE public.accounts_tariffplan (
    id uuid NOT NULL,
    name character varying(50) NOT NULL,
    price integer NOT NULL,
    duration_days integer NOT NULL,
    "limit" integer NOT NULL,
    own_branded_page boolean NOT NULL,
    auto_up boolean NOT NULL,
    placement_on_main_page boolean NOT NULL,
    tag_with_company_name boolean NOT NULL,
    no_ad_photos boolean NOT NULL,
    without_competitors boolean NOT NULL,
    search_by_ads boolean NOT NULL
);


ALTER TABLE public.accounts_tariffplan OWNER TO navisdevs;

--
-- Name: accounts_user; Type: TABLE; Schema: public; Owner: navisdevs
--

CREATE TABLE public.accounts_user (
    password character varying(128) NOT NULL,
    last_login timestamp with time zone,
    is_superuser boolean NOT NULL,
    username character varying(150) NOT NULL,
    is_staff boolean NOT NULL,
    date_joined timestamp with time zone NOT NULL,
    id uuid NOT NULL,
    email character varying(254),
    phone integer,
    name character varying(50) NOT NULL,
    language character varying(150) NOT NULL,
    balance integer NOT NULL,
    code integer,
    _avatar character varying(100),
    is_active boolean NOT NULL
);


ALTER TABLE public.accounts_user OWNER TO navisdevs;

--
-- Name: accounts_user_groups; Type: TABLE; Schema: public; Owner: navisdevs
--

CREATE TABLE public.accounts_user_groups (
    id bigint NOT NULL,
    user_id uuid NOT NULL,
    group_id integer NOT NULL
);


ALTER TABLE public.accounts_user_groups OWNER TO navisdevs;

--
-- Name: accounts_user_groups_id_seq; Type: SEQUENCE; Schema: public; Owner: navisdevs
--

ALTER TABLE public.accounts_user_groups ALTER COLUMN id ADD GENERATED BY DEFAULT AS IDENTITY (
    SEQUENCE NAME public.accounts_user_groups_id_seq
    START WITH 1
    INCREMENT BY 1
    NO MINVALUE
    NO MAXVALUE
    CACHE 1
);


--
-- Name: accounts_user_user_permissions; Type: TABLE; Schema: public; Owner: navisdevs
--

CREATE TABLE public.accounts_user_user_permissions (
    id bigint NOT NULL,
    user_id uuid NOT NULL,
    permission_id integer NOT NULL
);


ALTER TABLE public.accounts_user_user_permissions OWNER TO navisdevs;

--
-- Name: accounts_user_user_permissions_id_seq; Type: SEQUENCE; Schema: public; Owner: navisdevs
--

ALTER TABLE public.accounts_user_user_permissions ALTER COLUMN id ADD GENERATED BY DEFAULT AS IDENTITY (
    SEQUENCE NAME public.accounts_user_user_permissions_id_seq
    START WITH 1
    INCREMENT BY 1
    NO MINVALUE
    NO MAXVALUE
    CACHE 1
);


--
-- Name: auth_group; Type: TABLE; Schema: public; Owner: navisdevs
--

CREATE TABLE public.auth_group (
    id integer NOT NULL,
    name character varying(150) NOT NULL
);


ALTER TABLE public.auth_group OWNER TO navisdevs;

--
-- Name: auth_group_id_seq; Type: SEQUENCE; Schema: public; Owner: navisdevs
--

ALTER TABLE public.auth_group ALTER COLUMN id ADD GENERATED BY DEFAULT AS IDENTITY (
    SEQUENCE NAME public.auth_group_id_seq
    START WITH 1
    INCREMENT BY 1
    NO MINVALUE
    NO MAXVALUE
    CACHE 1
);


--
-- Name: auth_group_permissions; Type: TABLE; Schema: public; Owner: navisdevs
--

CREATE TABLE public.auth_group_permissions (
    id bigint NOT NULL,
    group_id integer NOT NULL,
    permission_id integer NOT NULL
);


ALTER TABLE public.auth_group_permissions OWNER TO navisdevs;

--
-- Name: auth_group_permissions_id_seq; Type: SEQUENCE; Schema: public; Owner: navisdevs
--

ALTER TABLE public.auth_group_permissions ALTER COLUMN id ADD GENERATED BY DEFAULT AS IDENTITY (
    SEQUENCE NAME public.auth_group_permissions_id_seq
    START WITH 1
    INCREMENT BY 1
    NO MINVALUE
    NO MAXVALUE
    CACHE 1
);


--
-- Name: auth_permission; Type: TABLE; Schema: public; Owner: navisdevs
--

CREATE TABLE public.auth_permission (
    id integer NOT NULL,
    name character varying(255) NOT NULL,
    content_type_id integer NOT NULL,
    codename character varying(100) NOT NULL
);


ALTER TABLE public.auth_permission OWNER TO navisdevs;

--
-- Name: auth_permission_id_seq; Type: SEQUENCE; Schema: public; Owner: navisdevs
--

ALTER TABLE public.auth_permission ALTER COLUMN id ADD GENERATED BY DEFAULT AS IDENTITY (
    SEQUENCE NAME public.auth_permission_id_seq
    START WITH 1
    INCREMENT BY 1
    NO MINVALUE
    NO MAXVALUE
    CACHE 1
);


--
-- Name: authtoken_token; Type: TABLE; Schema: public; Owner: navisdevs
--

CREATE TABLE public.authtoken_token (
    key character varying(40) NOT NULL,
    created timestamp with time zone NOT NULL,
    user_id uuid NOT NULL
);


ALTER TABLE public.authtoken_token OWNER TO navisdevs;

--
-- Name: cars_carcharacteristic; Type: TABLE; Schema: public; Owner: navisdevs
--

CREATE TABLE public.cars_carcharacteristic (
    id integer NOT NULL,
    name character varying(255) NOT NULL,
    id_car_type_id integer,
    id_parent_id integer
);


ALTER TABLE public.cars_carcharacteristic OWNER TO navisdevs;

--
-- Name: cars_carcharacteristicvalue; Type: TABLE; Schema: public; Owner: navisdevs
--

CREATE TABLE public.cars_carcharacteristicvalue (
    id integer NOT NULL,
    value character varying(255) NOT NULL,
    unit character varying(255),
    id_car_characteristic_id integer,
    id_car_modification_id integer,
    id_car_type_id integer
);


ALTER TABLE public.cars_carcharacteristicvalue OWNER TO navisdevs;

--
-- Name: cars_carcolors; Type: TABLE; Schema: public; Owner: navisdevs
--

CREATE TABLE public.cars_carcolors (
    id character varying(25) NOT NULL,
    name character varying(300)
);


ALTER TABLE public.cars_carcolors OWNER TO navisdevs;

--
-- Name: cars_carequipment; Type: TABLE; Schema: public; Owner: navisdevs
--

CREATE TABLE public.cars_carequipment (
    id integer NOT NULL,
    name character varying(255) NOT NULL,
    price_min integer,
    year integer,
    id_car_modification_id integer NOT NULL,
    id_car_type_id integer
);


ALTER TABLE public.cars_carequipment OWNER TO navisdevs;

--
-- Name: cars_cargeneration; Type: TABLE; Schema: public; Owner: navisdevs
--

CREATE TABLE public.cars_cargeneration (
    id integer NOT NULL,
    name character varying(255) NOT NULL,
    img character varying(100),
    year_begin character varying(255),
    year_end character varying(255),
    id_car_model_id integer NOT NULL,
    id_car_type_id integer
);


ALTER TABLE public.cars_cargeneration OWNER TO navisdevs;

--
-- Name: cars_carmark; Type: TABLE; Schema: public; Owner: navisdevs
--

CREATE TABLE public.cars_carmark (
    id integer NOT NULL,
    name character varying(255) NOT NULL,
    img character varying(100),
    name_rus character varying(255) NOT NULL,
    id_car_type_id integer NOT NULL
);


ALTER TABLE public.cars_carmark OWNER TO navisdevs;

--
-- Name: cars_carmodel; Type: TABLE; Schema: public; Owner: navisdevs
--

CREATE TABLE public.cars_carmodel (
    id integer NOT NULL,
    name character varying(255) NOT NULL,
    name_rus character varying(255),
    id_car_mark_id integer NOT NULL,
    id_car_type_id integer NOT NULL
);


ALTER TABLE public.cars_carmodel OWNER TO navisdevs;

--
-- Name: cars_carmodification; Type: TABLE; Schema: public; Owner: navisdevs
--

CREATE TABLE public.cars_carmodification (
    id integer NOT NULL,
    name character varying(255) NOT NULL,
    id_car_model_id integer,
    id_car_serie_id integer NOT NULL,
    id_car_type_id integer
);


ALTER TABLE public.cars_carmodification OWNER TO navisdevs;

--
-- Name: cars_caroption; Type: TABLE; Schema: public; Owner: navisdevs
--

CREATE TABLE public.cars_caroption (
    id integer NOT NULL,
    name character varying(255) NOT NULL,
    id_car_type_id integer,
    id_parent_id integer
);


ALTER TABLE public.cars_caroption OWNER TO navisdevs;

--
-- Name: cars_caroptionvalue; Type: TABLE; Schema: public; Owner: navisdevs
--

CREATE TABLE public.cars_caroptionvalue (
    id integer NOT NULL,
    is_base smallint NOT NULL,
    id_car_equipment_id integer NOT NULL,
    id_car_option_id integer NOT NULL,
    id_car_type_id integer,
    CONSTRAINT cars_caroptionvalue_is_base_check CHECK ((is_base >= 0))
);


ALTER TABLE public.cars_caroptionvalue OWNER TO navisdevs;

--
-- Name: cars_carserie; Type: TABLE; Schema: public; Owner: navisdevs
--

CREATE TABLE public.cars_carserie (
    id integer NOT NULL,
    name character varying(255) NOT NULL,
    id_car_generation_id integer NOT NULL,
    id_car_model_id integer,
    id_car_type_id integer
);


ALTER TABLE public.cars_carserie OWNER TO navisdevs;

--
-- Name: cars_cartype; Type: TABLE; Schema: public; Owner: navisdevs
--

CREATE TABLE public.cars_cartype (
    id integer NOT NULL,
    name character varying(255) NOT NULL
);


ALTER TABLE public.cars_cartype OWNER TO navisdevs;

--
-- Name: cars_permissionforfront; Type: TABLE; Schema: public; Owner: navisdevs
--

CREATE TABLE public.cars_permissionforfront (
    id bigint NOT NULL,
    key character varying(255) NOT NULL,
    value character varying(255) NOT NULL
);


ALTER TABLE public.cars_permissionforfront OWNER TO navisdevs;

--
-- Name: cars_permissionforfront_id_seq; Type: SEQUENCE; Schema: public; Owner: navisdevs
--

ALTER TABLE public.cars_permissionforfront ALTER COLUMN id ADD GENERATED BY DEFAULT AS IDENTITY (
    SEQUENCE NAME public.cars_permissionforfront_id_seq
    START WITH 1
    INCREMENT BY 1
    NO MINVALUE
    NO MAXVALUE
    CACHE 1
);


--
-- Name: cars_posts_carsposts; Type: TABLE; Schema: public; Owner: navisdevs
--

CREATE TABLE public.cars_posts_carsposts (
    id uuid NOT NULL,
    is_active boolean NOT NULL,
    year integer,
    serie character varying(255),
    engine character varying(300),
    drive character varying(300),
    transmission character varying(300),
    steering_wheel character varying(300),
    video_url character varying(200),
    condition character varying(300),
    mileage integer,
    mileage_unit character varying(300),
    description text,
    availability character varying(300),
    customs_cleared boolean NOT NULL,
    registration character varying(300),
    other character varying(300),
    price integer NOT NULL,
    currency character varying(300),
    exchange_possibility character varying(30),
    installment boolean NOT NULL,
    created_at timestamp with time zone NOT NULL,
    car_type_id integer,
    color_id character varying(25),
    exterior_id bigint NOT NULL,
    interior_id bigint NOT NULL,
    mark_id integer,
    media_id bigint NOT NULL,
    model_id integer,
    modification_id integer,
    options_id bigint NOT NULL,
    security_id bigint NOT NULL,
    user_id uuid,
    ad_color character varying(7),
    ad_dark_color character varying(7),
    autoup_time time without time zone,
    autoup_until timestamp with time zone,
    colored_until timestamp with time zone,
    featured boolean,
    is_autoup boolean NOT NULL,
    is_premium boolean NOT NULL,
    is_top boolean NOT NULL,
    is_urgent boolean NOT NULL,
    is_vip boolean NOT NULL,
    premium_dark_gradient character varying(255),
    premium_gradient character varying(255),
    premium_until timestamp with time zone,
    topped_until timestamp with time zone,
    urgent_until timestamp with time zone,
    vipped_until timestamp with time zone
);


ALTER TABLE public.cars_posts_carsposts OWNER TO navisdevs;

--
-- Name: cars_posts_carsposts_likes; Type: TABLE; Schema: public; Owner: navisdevs
--

CREATE TABLE public.cars_posts_carsposts_likes (
    id bigint NOT NULL,
    carsposts_id uuid NOT NULL,
    user_id uuid NOT NULL
);


ALTER TABLE public.cars_posts_carsposts_likes OWNER TO navisdevs;

--
-- Name: cars_posts_carsposts_likes_id_seq; Type: SEQUENCE; Schema: public; Owner: navisdevs
--

ALTER TABLE public.cars_posts_carsposts_likes ALTER COLUMN id ADD GENERATED BY DEFAULT AS IDENTITY (
    SEQUENCE NAME public.cars_posts_carsposts_likes_id_seq
    START WITH 1
    INCREMENT BY 1
    NO MINVALUE
    NO MAXVALUE
    CACHE 1
);


--
-- Name: cars_posts_exterior; Type: TABLE; Schema: public; Owner: navisdevs
--

CREATE TABLE public.cars_posts_exterior (
    id bigint NOT NULL,
    body_kit boolean NOT NULL,
    tinting boolean NOT NULL,
    spoiler boolean NOT NULL,
    alloy_wheel_rims boolean NOT NULL,
    sunroof boolean NOT NULL,
    winch boolean NOT NULL,
    roofrack boolean NOT NULL,
    trunk boolean NOT NULL,
    hitch boolean NOT NULL,
    panoramic_roof boolean NOT NULL
);


ALTER TABLE public.cars_posts_exterior OWNER TO navisdevs;

--
-- Name: cars_posts_exterior_id_seq; Type: SEQUENCE; Schema: public; Owner: navisdevs
--

ALTER TABLE public.cars_posts_exterior ALTER COLUMN id ADD GENERATED BY DEFAULT AS IDENTITY (
    SEQUENCE NAME public.cars_posts_exterior_id_seq
    START WITH 1
    INCREMENT BY 1
    NO MINVALUE
    NO MAXVALUE
    CACHE 1
);


--
-- Name: cars_posts_generaloptions; Type: TABLE; Schema: public; Owner: navisdevs
--

CREATE TABLE public.cars_posts_generaloptions (
    id bigint NOT NULL,
    full_power_pack boolean NOT NULL,
    anti_theft_alarm boolean NOT NULL,
    remote_car_starter boolean NOT NULL,
    air_conditioner boolean NOT NULL,
    climate_control_system boolean NOT NULL,
    auto_gas_system boolean NOT NULL,
    cruise_control boolean NOT NULL,
    light_sensor boolean NOT NULL,
    heated_steering_wheel boolean NOT NULL,
    seat_ventilation boolean NOT NULL,
    laser_headlights boolean NOT NULL,
    front_seat_heating boolean NOT NULL,
    all_seat_heating boolean NOT NULL,
    mirror_heating_system boolean NOT NULL,
    xenon_headlights boolean NOT NULL,
    bi_xenon_headlights boolean NOT NULL,
    headlight_washer boolean NOT NULL,
    air_suspension boolean NOT NULL,
    seat_memory boolean NOT NULL,
    steering_wheel_memory boolean NOT NULL,
    rain_sensor boolean NOT NULL,
    onboard_computer boolean NOT NULL,
    headlight_adjustment_system boolean NOT NULL,
    keyless_access boolean NOT NULL
);


ALTER TABLE public.cars_posts_generaloptions OWNER TO navisdevs;

--
-- Name: cars_posts_generaloptions_id_seq; Type: SEQUENCE; Schema: public; Owner: navisdevs
--

ALTER TABLE public.cars_posts_generaloptions ALTER COLUMN id ADD GENERATED BY DEFAULT AS IDENTITY (
    SEQUENCE NAME public.cars_posts_generaloptions_id_seq
    START WITH 1
    INCREMENT BY 1
    NO MINVALUE
    NO MAXVALUE
    CACHE 1
);


--
-- Name: cars_posts_interior; Type: TABLE; Schema: public; Owner: navisdevs
--

CREATE TABLE public.cars_posts_interior (
    id bigint NOT NULL,
    velour boolean NOT NULL,
    leather boolean NOT NULL,
    window_blinds boolean NOT NULL,
    alcantara boolean NOT NULL,
    combined boolean NOT NULL,
    wood boolean NOT NULL
);


ALTER TABLE public.cars_posts_interior OWNER TO navisdevs;

--
-- Name: cars_posts_interior_id_seq; Type: SEQUENCE; Schema: public; Owner: navisdevs
--

ALTER TABLE public.cars_posts_interior ALTER COLUMN id ADD GENERATED BY DEFAULT AS IDENTITY (
    SEQUENCE NAME public.cars_posts_interior_id_seq
    START WITH 1
    INCREMENT BY 1
    NO MINVALUE
    NO MAXVALUE
    CACHE 1
);


--
-- Name: cars_posts_media; Type: TABLE; Schema: public; Owner: navisdevs
--

CREATE TABLE public.cars_posts_media (
    id bigint NOT NULL,
    cd boolean NOT NULL,
    dvd boolean NOT NULL,
    mp3 boolean NOT NULL,
    usb boolean NOT NULL,
    subwoofer boolean NOT NULL
);


ALTER TABLE public.cars_posts_media OWNER TO navisdevs;

--
-- Name: cars_posts_media_id_seq; Type: SEQUENCE; Schema: public; Owner: navisdevs
--

ALTER TABLE public.cars_posts_media ALTER COLUMN id ADD GENERATED BY DEFAULT AS IDENTITY (
    SEQUENCE NAME public.cars_posts_media_id_seq
    START WITH 1
    INCREMENT BY 1
    NO MINVALUE
    NO MAXVALUE
    CACHE 1
);


--
-- Name: cars_posts_pictures; Type: TABLE; Schema: public; Owner: navisdevs
--

CREATE TABLE public.cars_posts_pictures (
    id bigint NOT NULL,
    pictures character varying(100) NOT NULL,
    cars_id uuid NOT NULL
);


ALTER TABLE public.cars_posts_pictures OWNER TO navisdevs;

--
-- Name: cars_posts_pictures_id_seq; Type: SEQUENCE; Schema: public; Owner: navisdevs
--

ALTER TABLE public.cars_posts_pictures ALTER COLUMN id ADD GENERATED BY DEFAULT AS IDENTITY (
    SEQUENCE NAME public.cars_posts_pictures_id_seq
    START WITH 1
    INCREMENT BY 1
    NO MINVALUE
    NO MAXVALUE
    CACHE 1
);


--
-- Name: cars_posts_security; Type: TABLE; Schema: public; Owner: navisdevs
--

CREATE TABLE public.cars_posts_security (
    id bigint NOT NULL,
    abs boolean NOT NULL,
    traction_control boolean NOT NULL,
    vehicle_stability_control boolean NOT NULL,
    airbags boolean NOT NULL,
    parking_sensors boolean NOT NULL,
    rear_view_camera boolean NOT NULL
);


ALTER TABLE public.cars_posts_security OWNER TO navisdevs;

--
-- Name: cars_posts_security_id_seq; Type: SEQUENCE; Schema: public; Owner: navisdevs
--

ALTER TABLE public.cars_posts_security ALTER COLUMN id ADD GENERATED BY DEFAULT AS IDENTITY (
    SEQUENCE NAME public.cars_posts_security_id_seq
    START WITH 1
    INCREMENT BY 1
    NO MINVALUE
    NO MAXVALUE
    CACHE 1
);


--
-- Name: django_admin_log; Type: TABLE; Schema: public; Owner: navisdevs
--

CREATE TABLE public.django_admin_log (
    id integer NOT NULL,
    action_time timestamp with time zone NOT NULL,
    object_id text,
    object_repr character varying(200) NOT NULL,
    action_flag smallint NOT NULL,
    change_message text NOT NULL,
    content_type_id integer,
    user_id uuid NOT NULL,
    CONSTRAINT django_admin_log_action_flag_check CHECK ((action_flag >= 0))
);


ALTER TABLE public.django_admin_log OWNER TO navisdevs;

--
-- Name: django_admin_log_id_seq; Type: SEQUENCE; Schema: public; Owner: navisdevs
--

ALTER TABLE public.django_admin_log ALTER COLUMN id ADD GENERATED BY DEFAULT AS IDENTITY (
    SEQUENCE NAME public.django_admin_log_id_seq
    START WITH 1
    INCREMENT BY 1
    NO MINVALUE
    NO MAXVALUE
    CACHE 1
);


--
-- Name: django_content_type; Type: TABLE; Schema: public; Owner: navisdevs
--

CREATE TABLE public.django_content_type (
    id integer NOT NULL,
    app_label character varying(100) NOT NULL,
    model character varying(100) NOT NULL
);


ALTER TABLE public.django_content_type OWNER TO navisdevs;

--
-- Name: django_content_type_id_seq; Type: SEQUENCE; Schema: public; Owner: navisdevs
--

ALTER TABLE public.django_content_type ALTER COLUMN id ADD GENERATED BY DEFAULT AS IDENTITY (
    SEQUENCE NAME public.django_content_type_id_seq
    START WITH 1
    INCREMENT BY 1
    NO MINVALUE
    NO MAXVALUE
    CACHE 1
);


--
-- Name: django_migrations; Type: TABLE; Schema: public; Owner: navisdevs
--

CREATE TABLE public.django_migrations (
    id bigint NOT NULL,
    app character varying(255) NOT NULL,
    name character varying(255) NOT NULL,
    applied timestamp with time zone NOT NULL
);


ALTER TABLE public.django_migrations OWNER TO navisdevs;

--
-- Name: django_migrations_id_seq; Type: SEQUENCE; Schema: public; Owner: navisdevs
--

ALTER TABLE public.django_migrations ALTER COLUMN id ADD GENERATED BY DEFAULT AS IDENTITY (
    SEQUENCE NAME public.django_migrations_id_seq
    START WITH 1
    INCREMENT BY 1
    NO MINVALUE
    NO MAXVALUE
    CACHE 1
);


--
-- Name: django_session; Type: TABLE; Schema: public; Owner: navisdevs
--

CREATE TABLE public.django_session (
    session_key character varying(40) NOT NULL,
    session_data text NOT NULL,
    expire_date timestamp with time zone NOT NULL
);


ALTER TABLE public.django_session OWNER TO navisdevs;

--
-- Name: house_communication; Type: TABLE; Schema: public; Owner: navisdevs
--

CREATE TABLE public.house_communication (
    id bigint NOT NULL,
    has_light boolean NOT NULL,
    has_gas boolean NOT NULL,
    has_internet boolean NOT NULL,
    has_heating boolean NOT NULL,
    has_water boolean NOT NULL,
    has_phone boolean NOT NULL,
    has_sewage boolean NOT NULL
);


ALTER TABLE public.house_communication OWNER TO navisdevs;

--
-- Name: house_communication_id_seq; Type: SEQUENCE; Schema: public; Owner: navisdevs
--

ALTER TABLE public.house_communication ALTER COLUMN id ADD GENERATED BY DEFAULT AS IDENTITY (
    SEQUENCE NAME public.house_communication_id_seq
    START WITH 1
    INCREMENT BY 1
    NO MINVALUE
    NO MAXVALUE
    CACHE 1
);


--
-- Name: house_documents; Type: TABLE; Schema: public; Owner: navisdevs
--

CREATE TABLE public.house_documents (
    id bigint NOT NULL,
    sale_contract boolean,
    deed_of_gift boolean,
    share_agreement boolean,
    technical_passport boolean,
    commissioning_certificate boolean,
    red_book boolean,
    green_book boolean,
    certificate_of_right boolean
);


ALTER TABLE public.house_documents OWNER TO navisdevs;

--
-- Name: house_documents_id_seq; Type: SEQUENCE; Schema: public; Owner: navisdevs
--

ALTER TABLE public.house_documents ALTER COLUMN id ADD GENERATED BY DEFAULT AS IDENTITY (
    SEQUENCE NAME public.house_documents_id_seq
    START WITH 1
    INCREMENT BY 1
    NO MINVALUE
    NO MAXVALUE
    CACHE 1
);


--
-- Name: house_location; Type: TABLE; Schema: public; Owner: navisdevs
--

CREATE TABLE public.house_location (
    id bigint NOT NULL,
    city character varying(255) NOT NULL,
    lat double precision,
    lon double precision,
    population character varying(100),
    iso2 character varying(10),
    capital character varying(100),
    admin_name character varying(100),
    lft integer NOT NULL,
    rght integer NOT NULL,
    tree_id integer NOT NULL,
    level integer NOT NULL,
    parent_id bigint,
    CONSTRAINT house_location_level_check CHECK ((level >= 0)),
    CONSTRAINT house_location_lft_check CHECK ((lft >= 0)),
    CONSTRAINT house_location_rght_check CHECK ((rght >= 0)),
    CONSTRAINT house_location_tree_id_check CHECK ((tree_id >= 0))
);


ALTER TABLE public.house_location OWNER TO navisdevs;

--
-- Name: house_location_id_seq; Type: SEQUENCE; Schema: public; Owner: navisdevs
--

ALTER TABLE public.house_location ALTER COLUMN id ADD GENERATED BY DEFAULT AS IDENTITY (
    SEQUENCE NAME public.house_location_id_seq
    START WITH 1
    INCREMENT BY 1
    NO MINVALUE
    NO MAXVALUE
    CACHE 1
);


--
-- Name: house_miscellaneous; Type: TABLE; Schema: public; Owner: navisdevs
--

CREATE TABLE public.house_miscellaneous (
    id bigint NOT NULL,
    plastic_windows boolean,
    improved boolean,
    studio_kitchen boolean,
    new_plumbing boolean,
    air_conditioner boolean,
    isolated_rooms boolean,
    built_in_kitchen boolean,
    pantry boolean,
    quiet_courtyard boolean,
    convenient_for_business boolean
);


ALTER TABLE public.house_miscellaneous OWNER TO navisdevs;

--
-- Name: house_miscellaneous_id_seq; Type: SEQUENCE; Schema: public; Owner: navisdevs
--

ALTER TABLE public.house_miscellaneous ALTER COLUMN id ADD GENERATED BY DEFAULT AS IDENTITY (
    SEQUENCE NAME public.house_miscellaneous_id_seq
    START WITH 1
    INCREMENT BY 1
    NO MINVALUE
    NO MAXVALUE
    CACHE 1
);


--
-- Name: house_pictures; Type: TABLE; Schema: public; Owner: navisdevs
--

CREATE TABLE public.house_pictures (
    id bigint NOT NULL,
    pictures character varying(100) NOT NULL,
    property_id integer NOT NULL
);


ALTER TABLE public.house_pictures OWNER TO navisdevs;

--
-- Name: house_pictures_id_seq; Type: SEQUENCE; Schema: public; Owner: navisdevs
--

ALTER TABLE public.house_pictures ALTER COLUMN id ADD GENERATED BY DEFAULT AS IDENTITY (
    SEQUENCE NAME public.house_pictures_id_seq
    START WITH 1
    INCREMENT BY 1
    NO MINVALUE
    NO MAXVALUE
    CACHE 1
);


--
-- Name: house_property; Type: TABLE; Schema: public; Owner: navisdevs
--

CREATE TABLE public.house_property (
    id integer NOT NULL,
    type_deal character varying(50) NOT NULL,
    type_property character varying(50) NOT NULL,
    room_count character varying(50),
    type_series character varying(50),
    type_building character varying(50),
    year_construction integer,
    floor_number character varying(50),
    total_floors character varying(50),
    general double precision NOT NULL,
    residential double precision,
    kitchen double precision,
    ceiling_height character varying(50),
    land_area integer,
    type_heating character varying(50),
    type_condition character varying(50),
    eni_code character varying(10),
    street character varying(50),
    house_number character varying(50),
    intersection_with character varying(50),
    point public.geometry(Point,4326),
    youtube_url character varying(200),
    description text NOT NULL,
    price numeric(10,2) NOT NULL,
    currency character varying(50) NOT NULL,
    price_for character varying(50) NOT NULL,
    installment_type character varying(50),
    mortage_type character varying(50),
    exchange_type character varying(50),
    advertiser_type character varying(50) NOT NULL,
    phone_connection character varying(100),
    drinking_water character varying(100),
    sewage character varying(100),
    electricity character varying(100),
    disposition_object character varying(100),
    bathroom character varying(100),
    parking character varying(100),
    balkony character varying(100),
    front_door character varying(100),
    furniture character varying(100),
    gas character varying(100),
    internet character varying(100),
    floor character varying(100),
    phone_number character varying(16),
    views integer NOT NULL,
    active_post boolean NOT NULL,
    created_at timestamp with time zone NOT NULL,
    updated_at timestamp with time zone NOT NULL,
    communication_id bigint,
    complex_name_id bigint,
    documents_id bigint,
    location_id bigint NOT NULL,
    miscellaneous_id bigint,
    security_id bigint,
    user_id uuid NOT NULL,
    CONSTRAINT house_property_views_check CHECK ((views >= 0))
);


ALTER TABLE public.house_property OWNER TO navisdevs;

--
-- Name: house_property_id_seq; Type: SEQUENCE; Schema: public; Owner: navisdevs
--

ALTER TABLE public.house_property ALTER COLUMN id ADD GENERATED BY DEFAULT AS IDENTITY (
    SEQUENCE NAME public.house_property_id_seq
    START WITH 1
    INCREMENT BY 1
    NO MINVALUE
    NO MAXVALUE
    CACHE 1
);


--
-- Name: house_residentialcategory; Type: TABLE; Schema: public; Owner: navisdevs
--

CREATE TABLE public.house_residentialcategory (
    id bigint NOT NULL,
    complex_name character varying(255),
    price integer NOT NULL,
    object_state character varying(50) NOT NULL,
    ceiling_height numeric(5,2),
    type_heating character varying(50),
    type_building character varying(50),
    storey integer NOT NULL,
    housing_class character varying(50) NOT NULL,
    lon double precision,
    lat double precision,
    about_complex text,
    media character varying(100),
    building_date date,
    due_date date NOT NULL,
    location_id bigint NOT NULL
);


ALTER TABLE public.house_residentialcategory OWNER TO navisdevs;

--
-- Name: house_residentialcategory_id_seq; Type: SEQUENCE; Schema: public; Owner: navisdevs
--

ALTER TABLE public.house_residentialcategory ALTER COLUMN id ADD GENERATED BY DEFAULT AS IDENTITY (
    SEQUENCE NAME public.house_residentialcategory_id_seq
    START WITH 1
    INCREMENT BY 1
    NO MINVALUE
    NO MAXVALUE
    CACHE 1
);


--
-- Name: house_security; Type: TABLE; Schema: public; Owner: navisdevs
--

CREATE TABLE public.house_security (
    id bigint NOT NULL,
    window_bars boolean,
    alarm_system boolean,
    intercom boolean,
    video_intercom boolean,
    code_lock boolean,
    video_surveillance boolean,
    concierge boolean
);


ALTER TABLE public.house_security OWNER TO navisdevs;

--
-- Name: house_security_id_seq; Type: SEQUENCE; Schema: public; Owner: navisdevs
--

ALTER TABLE public.house_security ALTER COLUMN id ADD GENERATED BY DEFAULT AS IDENTITY (
    SEQUENCE NAME public.house_security_id_seq
    START WITH 1
    INCREMENT BY 1
    NO MINVALUE
    NO MAXVALUE
    CACHE 1
);


--
-- Name: main_comments; Type: TABLE; Schema: public; Owner: navisdevs
--

CREATE TABLE public.main_comments (
    id bigint NOT NULL,
    content character varying(100) NOT NULL,
    object_id character varying(200) NOT NULL,
    created_at timestamp with time zone,
    lft integer NOT NULL,
    rght integer NOT NULL,
    tree_id integer NOT NULL,
    level integer NOT NULL,
    content_type_id integer NOT NULL,
    parent_id bigint,
    user_id uuid NOT NULL,
    CONSTRAINT main_comments_level_check CHECK ((level >= 0)),
    CONSTRAINT main_comments_lft_check CHECK ((lft >= 0)),
    CONSTRAINT main_comments_rght_check CHECK ((rght >= 0)),
    CONSTRAINT main_comments_tree_id_check CHECK ((tree_id >= 0))
);


ALTER TABLE public.main_comments OWNER TO navisdevs;

--
-- Name: main_comments_id_seq; Type: SEQUENCE; Schema: public; Owner: navisdevs
--

ALTER TABLE public.main_comments ALTER COLUMN id ADD GENERATED BY DEFAULT AS IDENTITY (
    SEQUENCE NAME public.main_comments_id_seq
    START WITH 1
    INCREMENT BY 1
    NO MINVALUE
    NO MAXVALUE
    CACHE 1
);


--
-- Name: tariffs_autoup; Type: TABLE; Schema: public; Owner: navisdevs
--

CREATE TABLE public.tariffs_autoup (
    id uuid NOT NULL,
    days integer NOT NULL,
    price integer NOT NULL
);


ALTER TABLE public.tariffs_autoup OWNER TO navisdevs;

--
-- Name: tariffs_highlight; Type: TABLE; Schema: public; Owner: navisdevs
--

CREATE TABLE public.tariffs_highlight (
    id uuid NOT NULL,
    days integer NOT NULL,
    price integer NOT NULL
);


ALTER TABLE public.tariffs_highlight OWNER TO navisdevs;

--
-- Name: tariffs_urgent; Type: TABLE; Schema: public; Owner: navisdevs
--

CREATE TABLE public.tariffs_urgent (
    id uuid NOT NULL,
    days integer NOT NULL,
    price integer NOT NULL
);


ALTER TABLE public.tariffs_urgent OWNER TO navisdevs;

--
-- Name: thumbnail_kvstore; Type: TABLE; Schema: public; Owner: navisdevs
--

CREATE TABLE public.thumbnail_kvstore (
    key character varying(200) NOT NULL,
    value text NOT NULL
);


ALTER TABLE public.thumbnail_kvstore OWNER TO navisdevs;

--
-- Name: transactions_transaction; Type: TABLE; Schema: public; Owner: navisdevs
--

CREATE TABLE public.transactions_transaction (
    id uuid NOT NULL,
    user_id uuid
);


ALTER TABLE public.transactions_transaction OWNER TO navisdevs;

--
-- Data for Name: accounts_businessaccount; Type: TABLE DATA; Schema: public; Owner: navisdevs
--

COPY public.accounts_businessaccount (id, tariff_plan, deadline, name, description, location, website, created_at, video, user_id) FROM stdin;
\.


--
-- Data for Name: accounts_businessaccountimages; Type: TABLE DATA; Schema: public; Owner: navisdevs
--

COPY public.accounts_businessaccountimages (id, image, main_id) FROM stdin;
\.


--
-- Data for Name: accounts_tariffplan; Type: TABLE DATA; Schema: public; Owner: navisdevs
--

COPY public.accounts_tariffplan (id, name, price, duration_days, "limit", own_branded_page, auto_up, placement_on_main_page, tag_with_company_name, no_ad_photos, without_competitors, search_by_ads) FROM stdin;
\.


--
-- Data for Name: accounts_user; Type: TABLE DATA; Schema: public; Owner: navisdevs
--

COPY public.accounts_user (password, last_login, is_superuser, username, is_staff, date_joined, id, email, phone, name, language, balance, code, _avatar, is_active) FROM stdin;
pbkdf2_sha256$600000$BGkekfmV8SimZYvWGJ88zm$wX4Wv+6ll8ADlap0mgcLSqLkd+cU4vsEs1QcIoF/7KM=	2024-10-25 11:54:53.450749+00	t	admin	t	2024-10-25 11:54:28.527388+00	2d012f52-0fdf-4f63-9a40-d51646035b14	\N	\N		EN	0	613396		t
\.


--
-- Data for Name: accounts_user_groups; Type: TABLE DATA; Schema: public; Owner: navisdevs
--

COPY public.accounts_user_groups (id, user_id, group_id) FROM stdin;
\.


--
-- Data for Name: accounts_user_user_permissions; Type: TABLE DATA; Schema: public; Owner: navisdevs
--

COPY public.accounts_user_user_permissions (id, user_id, permission_id) FROM stdin;
\.


--
-- Data for Name: auth_group; Type: TABLE DATA; Schema: public; Owner: navisdevs
--

COPY public.auth_group (id, name) FROM stdin;
\.


--
-- Data for Name: auth_group_permissions; Type: TABLE DATA; Schema: public; Owner: navisdevs
--

COPY public.auth_group_permissions (id, group_id, permission_id) FROM stdin;
\.


--
-- Data for Name: auth_permission; Type: TABLE DATA; Schema: public; Owner: navisdevs
--

COPY public.auth_permission (id, name, content_type_id, codename) FROM stdin;
1	Can add log entry	1	add_logentry
2	Can change log entry	1	change_logentry
3	Can delete log entry	1	delete_logentry
4	Can view log entry	1	view_logentry
5	Can add permission	2	add_permission
6	Can change permission	2	change_permission
7	Can delete permission	2	delete_permission
8	Can view permission	2	view_permission
9	Can add group	3	add_group
10	Can change group	3	change_group
11	Can delete group	3	delete_group
12	Can view group	3	view_group
13	Can add content type	4	add_contenttype
14	Can change content type	4	change_contenttype
15	Can delete content type	4	delete_contenttype
16	Can view content type	4	view_contenttype
17	Can add session	5	add_session
18	Can change session	5	change_session
19	Can delete session	5	delete_session
20	Can view session	5	view_session
21	Can add Token	6	add_token
22	Can change Token	6	change_token
23	Can delete Token	6	delete_token
24	Can view Token	6	view_token
25	Can add Token	7	add_tokenproxy
26	Can change Token	7	change_tokenproxy
27	Can delete Token	7	delete_tokenproxy
28	Can view Token	7	view_tokenproxy
29	Can add kv store	8	add_kvstore
30	Can change kv store	8	change_kvstore
31	Can delete kv store	8	delete_kvstore
32	Can view kv store	8	view_kvstore
33	Can add User	9	add_user
34	Can change User	9	change_user
35	Can delete User	9	delete_user
36	Can view User	9	view_user
37	Can add Business Account	10	add_businessaccount
38	Can change Business Account	10	change_businessaccount
39	Can delete Business Account	10	delete_businessaccount
40	Can view Business Account	10	view_businessaccount
41	Can add Tariff Plan	11	add_tariffplan
42	Can change Tariff Plan	11	change_tariffplan
43	Can delete Tariff Plan	11	delete_tariffplan
44	Can view Tariff Plan	11	view_tariffplan
45	Can add Image	12	add_businessaccountimages
46	Can change Image	12	change_businessaccountimages
47	Can delete Image	12	delete_businessaccountimages
48	Can view Image	12	view_businessaccountimages
49	Can add car characteristic	13	add_carcharacteristic
50	Can change car characteristic	13	change_carcharacteristic
51	Can delete car characteristic	13	delete_carcharacteristic
52	Can view car characteristic	13	view_carcharacteristic
53	Can add Car colors	14	add_carcolors
54	Can change Car colors	14	change_carcolors
55	Can delete Car colors	14	delete_carcolors
56	Can view Car colors	14	view_carcolors
57	Can add car equipment	15	add_carequipment
58	Can change car equipment	15	change_carequipment
59	Can delete car equipment	15	delete_carequipment
60	Can view car equipment	15	view_carequipment
61	Can add car generation	16	add_cargeneration
62	Can change car generation	16	change_cargeneration
63	Can delete car generation	16	delete_cargeneration
64	Can view car generation	16	view_cargeneration
65	Can add car mark	17	add_carmark
66	Can change car mark	17	change_carmark
67	Can delete car mark	17	delete_carmark
68	Can view car mark	17	view_carmark
69	Can add car model	18	add_carmodel
70	Can change car model	18	change_carmodel
71	Can delete car model	18	delete_carmodel
72	Can view car model	18	view_carmodel
73	Can add car option	19	add_caroption
74	Can change car option	19	change_caroption
75	Can delete car option	19	delete_caroption
76	Can view car option	19	view_caroption
77	Can add car type	20	add_cartype
78	Can change car type	20	change_cartype
79	Can delete car type	20	delete_cartype
80	Can view car type	20	view_cartype
81	Can add permission for front	21	add_permissionforfront
82	Can change permission for front	21	change_permissionforfront
83	Can delete permission for front	21	delete_permissionforfront
84	Can view permission for front	21	view_permissionforfront
85	Can add car serie	22	add_carserie
86	Can change car serie	22	change_carserie
87	Can delete car serie	22	delete_carserie
88	Can view car serie	22	view_carserie
89	Can add car option value	23	add_caroptionvalue
90	Can change car option value	23	change_caroptionvalue
91	Can delete car option value	23	delete_caroptionvalue
92	Can view car option value	23	view_caroptionvalue
93	Can add car modification	24	add_carmodification
94	Can change car modification	24	change_carmodification
95	Can delete car modification	24	delete_carmodification
96	Can view car modification	24	view_carmodification
97	Can add car characteristic value	25	add_carcharacteristicvalue
98	Can change car characteristic value	25	change_carcharacteristicvalue
99	Can delete car characteristic value	25	delete_carcharacteristicvalue
100	Can view car characteristic value	25	view_carcharacteristicvalue
101	Can add Car post	26	add_carsposts
102	Can change Car post	26	change_carsposts
103	Can delete Car post	26	delete_carsposts
104	Can view Car post	26	view_carsposts
105	Can add exterior	27	add_exterior
106	Can change exterior	27	change_exterior
107	Can delete exterior	27	delete_exterior
108	Can view exterior	27	view_exterior
109	Can add general options	28	add_generaloptions
110	Can change general options	28	change_generaloptions
111	Can delete general options	28	delete_generaloptions
112	Can view general options	28	view_generaloptions
113	Can add interior	29	add_interior
114	Can change interior	29	change_interior
115	Can delete interior	29	delete_interior
116	Can view interior	29	view_interior
117	Can add media	30	add_media
118	Can change media	30	change_media
119	Can delete media	30	delete_media
120	Can view media	30	view_media
121	Can add security	31	add_security
122	Can change security	31	change_security
123	Can delete security	31	delete_security
124	Can view security	31	view_security
125	Can add Фотография	32	add_pictures
126	Can change Фотография	32	change_pictures
127	Can delete Фотография	32	delete_pictures
128	Can view Фотография	32	view_pictures
129	Can add Коммуникации	33	add_communication
130	Can change Коммуникации	33	change_communication
131	Can delete Коммуникации	33	delete_communication
132	Can view Коммуникации	33	view_communication
133	Can add Правоустанавливающие документы	34	add_documents
134	Can change Правоустанавливающие документы	34	change_documents
135	Can delete Правоустанавливающие документы	34	delete_documents
136	Can view Правоустанавливающие документы	34	view_documents
137	Can add Городы	35	add_location
138	Can change Городы	35	change_location
139	Can delete Городы	35	delete_location
140	Can view Городы	35	view_location
141	Can add Разное	36	add_miscellaneous
142	Can change Разное	36	change_miscellaneous
143	Can delete Разное	36	delete_miscellaneous
144	Can view Разное	36	view_miscellaneous
145	Can add Безопасность	37	add_security
146	Can change Безопасность	37	change_security
147	Can delete Безопасность	37	delete_security
148	Can view Безопасность	37	view_security
149	Can add Жилой комплекс	38	add_residentialcategory
150	Can change Жилой комплекс	38	change_residentialcategory
151	Can delete Жилой комплекс	38	delete_residentialcategory
152	Can view Жилой комплекс	38	view_residentialcategory
153	Can add Недвижимость	39	add_property
154	Can change Недвижимость	39	change_property
155	Can delete Недвижимость	39	delete_property
156	Can view Недвижимость	39	view_property
157	Can add Фотография	40	add_pictures
158	Can change Фотография	40	change_pictures
159	Can delete Фотография	40	delete_pictures
160	Can view Фотография	40	view_pictures
161	Can add comments	41	add_comments
162	Can change comments	41	change_comments
163	Can delete comments	41	delete_comments
164	Can view comments	41	view_comments
165	Can add currency	42	add_currency
166	Can change currency	42	change_currency
167	Can delete currency	42	delete_currency
168	Can view currency	42	view_currency
169	Can add transaction	43	add_transaction
170	Can change transaction	43	change_transaction
171	Can delete transaction	43	delete_transaction
172	Can view transaction	43	view_transaction
173	Can add auto up	44	add_autoup
174	Can change auto up	44	change_autoup
175	Can delete auto up	44	delete_autoup
176	Can view auto up	44	view_autoup
177	Can add Urgent	45	add_urgent
178	Can change Urgent	45	change_urgent
179	Can delete Urgent	45	delete_urgent
180	Can view Urgent	45	view_urgent
181	Can add Highlights	46	add_highlight
182	Can change Highlights	46	change_highlight
183	Can delete Highlights	46	delete_highlight
184	Can view Highlights	46	view_highlight
\.


--
-- Data for Name: authtoken_token; Type: TABLE DATA; Schema: public; Owner: navisdevs
--

COPY public.authtoken_token (key, created, user_id) FROM stdin;
\.


--
-- Data for Name: cars_carcharacteristic; Type: TABLE DATA; Schema: public; Owner: navisdevs
--

COPY public.cars_carcharacteristic (id, name, id_car_type_id, id_parent_id) FROM stdin;
\.


--
-- Data for Name: cars_carcharacteristicvalue; Type: TABLE DATA; Schema: public; Owner: navisdevs
--

COPY public.cars_carcharacteristicvalue (id, value, unit, id_car_characteristic_id, id_car_modification_id, id_car_type_id) FROM stdin;
\.


--
-- Data for Name: cars_carcolors; Type: TABLE DATA; Schema: public; Owner: navisdevs
--

COPY public.cars_carcolors (id, name) FROM stdin;
\.


--
-- Data for Name: cars_carequipment; Type: TABLE DATA; Schema: public; Owner: navisdevs
--

COPY public.cars_carequipment (id, name, price_min, year, id_car_modification_id, id_car_type_id) FROM stdin;
\.


--
-- Data for Name: cars_cargeneration; Type: TABLE DATA; Schema: public; Owner: navisdevs
--

COPY public.cars_cargeneration (id, name, img, year_begin, year_end, id_car_model_id, id_car_type_id) FROM stdin;
\.


--
-- Data for Name: cars_carmark; Type: TABLE DATA; Schema: public; Owner: navisdevs
--

COPY public.cars_carmark (id, name, img, name_rus, id_car_type_id) FROM stdin;
\.


--
-- Data for Name: cars_carmodel; Type: TABLE DATA; Schema: public; Owner: navisdevs
--

COPY public.cars_carmodel (id, name, name_rus, id_car_mark_id, id_car_type_id) FROM stdin;
\.


--
-- Data for Name: cars_carmodification; Type: TABLE DATA; Schema: public; Owner: navisdevs
--

COPY public.cars_carmodification (id, name, id_car_model_id, id_car_serie_id, id_car_type_id) FROM stdin;
\.


--
-- Data for Name: cars_caroption; Type: TABLE DATA; Schema: public; Owner: navisdevs
--

COPY public.cars_caroption (id, name, id_car_type_id, id_parent_id) FROM stdin;
\.


--
-- Data for Name: cars_caroptionvalue; Type: TABLE DATA; Schema: public; Owner: navisdevs
--

COPY public.cars_caroptionvalue (id, is_base, id_car_equipment_id, id_car_option_id, id_car_type_id) FROM stdin;
\.


--
-- Data for Name: cars_carserie; Type: TABLE DATA; Schema: public; Owner: navisdevs
--

COPY public.cars_carserie (id, name, id_car_generation_id, id_car_model_id, id_car_type_id) FROM stdin;
\.


--
-- Data for Name: cars_cartype; Type: TABLE DATA; Schema: public; Owner: navisdevs
--

COPY public.cars_cartype (id, name) FROM stdin;
\.


--
-- Data for Name: cars_permissionforfront; Type: TABLE DATA; Schema: public; Owner: navisdevs
--

COPY public.cars_permissionforfront (id, key, value) FROM stdin;
\.


--
-- Data for Name: cars_posts_carsposts; Type: TABLE DATA; Schema: public; Owner: navisdevs
--

COPY public.cars_posts_carsposts (id, is_active, year, serie, engine, drive, transmission, steering_wheel, video_url, condition, mileage, mileage_unit, description, availability, customs_cleared, registration, other, price, currency, exchange_possibility, installment, created_at, car_type_id, color_id, exterior_id, interior_id, mark_id, media_id, model_id, modification_id, options_id, security_id, user_id, ad_color, ad_dark_color, autoup_time, autoup_until, colored_until, featured, is_autoup, is_premium, is_top, is_urgent, is_vip, premium_dark_gradient, premium_gradient, premium_until, topped_until, urgent_until, vipped_until) FROM stdin;
\.


--
-- Data for Name: cars_posts_carsposts_likes; Type: TABLE DATA; Schema: public; Owner: navisdevs
--

COPY public.cars_posts_carsposts_likes (id, carsposts_id, user_id) FROM stdin;
\.


--
-- Data for Name: cars_posts_exterior; Type: TABLE DATA; Schema: public; Owner: navisdevs
--

COPY public.cars_posts_exterior (id, body_kit, tinting, spoiler, alloy_wheel_rims, sunroof, winch, roofrack, trunk, hitch, panoramic_roof) FROM stdin;
\.


--
-- Data for Name: cars_posts_generaloptions; Type: TABLE DATA; Schema: public; Owner: navisdevs
--

COPY public.cars_posts_generaloptions (id, full_power_pack, anti_theft_alarm, remote_car_starter, air_conditioner, climate_control_system, auto_gas_system, cruise_control, light_sensor, heated_steering_wheel, seat_ventilation, laser_headlights, front_seat_heating, all_seat_heating, mirror_heating_system, xenon_headlights, bi_xenon_headlights, headlight_washer, air_suspension, seat_memory, steering_wheel_memory, rain_sensor, onboard_computer, headlight_adjustment_system, keyless_access) FROM stdin;
\.


--
-- Data for Name: cars_posts_interior; Type: TABLE DATA; Schema: public; Owner: navisdevs
--

COPY public.cars_posts_interior (id, velour, leather, window_blinds, alcantara, combined, wood) FROM stdin;
\.


--
-- Data for Name: cars_posts_media; Type: TABLE DATA; Schema: public; Owner: navisdevs
--

COPY public.cars_posts_media (id, cd, dvd, mp3, usb, subwoofer) FROM stdin;
\.


--
-- Data for Name: cars_posts_pictures; Type: TABLE DATA; Schema: public; Owner: navisdevs
--

COPY public.cars_posts_pictures (id, pictures, cars_id) FROM stdin;
\.


--
-- Data for Name: cars_posts_security; Type: TABLE DATA; Schema: public; Owner: navisdevs
--

COPY public.cars_posts_security (id, abs, traction_control, vehicle_stability_control, airbags, parking_sensors, rear_view_camera) FROM stdin;
\.


--
-- Data for Name: django_admin_log; Type: TABLE DATA; Schema: public; Owner: navisdevs
--

COPY public.django_admin_log (id, action_time, object_id, object_repr, action_flag, change_message, content_type_id, user_id) FROM stdin;
1	2024-10-25 19:32:37.219961+00	8b3136b7-e748-4f0a-871a-42f0b0b32457	AutoUP object (8b3136b7-e748-4f0a-871a-42f0b0b32457)	1	[{"added": {}}]	44	2d012f52-0fdf-4f63-9a40-d51646035b14
2	2024-10-25 19:32:45.09265+00	14525184-b5c7-4fe4-8d71-9c84795d4a51	AutoUP object (14525184-b5c7-4fe4-8d71-9c84795d4a51)	1	[{"added": {}}]	44	2d012f52-0fdf-4f63-9a40-d51646035b14
3	2024-10-25 19:32:51.522105+00	43e8d5c1-61e5-4e7c-adba-e929fda22b2f	AutoUP object (43e8d5c1-61e5-4e7c-adba-e929fda22b2f)	1	[{"added": {}}]	44	2d012f52-0fdf-4f63-9a40-d51646035b14
4	2024-10-25 19:32:58.965942+00	9849cfb5-bc18-47ff-89b7-535bf5f216ea	AutoUP object (9849cfb5-bc18-47ff-89b7-535bf5f216ea)	1	[{"added": {}}]	44	2d012f52-0fdf-4f63-9a40-d51646035b14
5	2024-10-25 19:33:08.917343+00	2ca65476-5959-4a57-9532-8f1ccad7b0e9	AutoUP object (2ca65476-5959-4a57-9532-8f1ccad7b0e9)	1	[{"added": {}}]	44	2d012f52-0fdf-4f63-9a40-d51646035b14
6	2024-10-25 20:05:10.889318+00	d75bff45-a00d-4844-bfd3-be8fe69d6fa5	2 - 40сом	1	[{"added": {}}]	45	2d012f52-0fdf-4f63-9a40-d51646035b14
7	2024-10-25 20:05:17.03354+00	ce1a6c53-e91d-41b9-b302-f0b3284afd96	5 - 90сом	1	[{"added": {}}]	45	2d012f52-0fdf-4f63-9a40-d51646035b14
8	2024-10-25 20:05:26.14218+00	31e80c2d-0f94-4081-af8a-942049c0f62c	7 - 120сом	1	[{"added": {}}]	45	2d012f52-0fdf-4f63-9a40-d51646035b14
9	2024-10-25 20:05:33.066963+00	2c618b65-fabb-471e-a230-4f3983f114aa	14 - 210сом	1	[{"added": {}}]	45	2d012f52-0fdf-4f63-9a40-d51646035b14
10	2024-10-25 20:26:02.93564+00	9a9476e2-fcb4-4093-96f1-159dd4398cfd	Urgent object (9a9476e2-fcb4-4093-96f1-159dd4398cfd)	1	[{"added": {}}]	45	2d012f52-0fdf-4f63-9a40-d51646035b14
11	2024-10-25 20:26:07.884705+00	7f92fba2-dbeb-4c3c-943b-a74659019cc2	Urgent object (7f92fba2-dbeb-4c3c-943b-a74659019cc2)	1	[{"added": {}}]	45	2d012f52-0fdf-4f63-9a40-d51646035b14
12	2024-10-25 20:26:13.689146+00	d0069662-3ef0-4528-8379-f8509963bf29	Urgent object (d0069662-3ef0-4528-8379-f8509963bf29)	1	[{"added": {}}]	45	2d012f52-0fdf-4f63-9a40-d51646035b14
13	2024-10-25 20:26:20.458314+00	93b365a9-0e2a-4d91-92e5-6a661297afaa	Urgent object (93b365a9-0e2a-4d91-92e5-6a661297afaa)	1	[{"added": {}}]	45	2d012f52-0fdf-4f63-9a40-d51646035b14
14	2024-10-25 20:27:17.270047+00	e06d73d0-78a3-44c7-a38f-60c6508f9025	продолжительность 2дней за 40сом	1	[{"added": {}}]	44	2d012f52-0fdf-4f63-9a40-d51646035b14
15	2024-10-25 20:27:23.029873+00	3459d8fd-6b5f-4dd3-84b1-85e09c670f9c	продолжительность 5дней за 90сом	1	[{"added": {}}]	44	2d012f52-0fdf-4f63-9a40-d51646035b14
16	2024-10-25 20:27:28.659442+00	58b081e6-3843-4154-96db-46a10d9ee0c2	продолжительность 7дней за 120сом	1	[{"added": {}}]	44	2d012f52-0fdf-4f63-9a40-d51646035b14
17	2024-10-25 20:27:53.918684+00	4e33517a-3ecb-41b8-83cb-6e2bbfed3ef5	продолжительность 14дней за 210сом	1	[{"added": {}}]	44	2d012f52-0fdf-4f63-9a40-d51646035b14
18	2024-10-25 20:28:05.355529+00	a61956a0-68dc-4d99-bcae-43b7124bd41e	продолжительность 30дней за 370сом	1	[{"added": {}}]	44	2d012f52-0fdf-4f63-9a40-d51646035b14
19	2024-10-25 20:45:58.15997+00	ec55f698-eb51-4ec9-9d97-401a8a4fdd0e	продолжительность 2дней за 60сом	1	[{"added": {}}]	46	2d012f52-0fdf-4f63-9a40-d51646035b14
20	2024-10-25 20:46:06.364854+00	6b558d6d-4476-4ae7-a573-88e4aefb005a	продолжительность 5дней за 140сом	1	[{"added": {}}]	46	2d012f52-0fdf-4f63-9a40-d51646035b14
21	2024-10-25 20:46:13.150784+00	991cf90b-2bd0-4e80-9709-6f520991db78	продолжительность 7дней за 190сом	1	[{"added": {}}]	46	2d012f52-0fdf-4f63-9a40-d51646035b14
22	2024-10-25 20:46:26.133678+00	4335f63c-44e2-41e9-ae03-7d5a2b170375	продолжительность 14дней за 350сом	1	[{"added": {}}]	46	2d012f52-0fdf-4f63-9a40-d51646035b14
\.


--
-- Data for Name: django_content_type; Type: TABLE DATA; Schema: public; Owner: navisdevs
--

COPY public.django_content_type (id, app_label, model) FROM stdin;
1	admin	logentry
2	auth	permission
3	auth	group
4	contenttypes	contenttype
5	sessions	session
6	authtoken	token
7	authtoken	tokenproxy
8	thumbnail	kvstore
9	accounts	user
10	accounts	businessaccount
11	accounts	tariffplan
12	accounts	businessaccountimages
13	cars	carcharacteristic
14	cars	carcolors
15	cars	carequipment
16	cars	cargeneration
17	cars	carmark
18	cars	carmodel
19	cars	caroption
20	cars	cartype
21	cars	permissionforfront
22	cars	carserie
23	cars	caroptionvalue
24	cars	carmodification
25	cars	carcharacteristicvalue
26	cars_posts	carsposts
27	cars_posts	exterior
28	cars_posts	generaloptions
29	cars_posts	interior
30	cars_posts	media
31	cars_posts	security
32	cars_posts	pictures
33	house	communication
34	house	documents
35	house	location
36	house	miscellaneous
37	house	security
38	house	residentialcategory
39	house	property
40	house	pictures
41	main	comments
42	api	currency
43	transactions	transaction
44	tariffs	autoup
45	tariffs	urgent
46	tariffs	highlight
\.


--
-- Data for Name: django_migrations; Type: TABLE DATA; Schema: public; Owner: navisdevs
--

COPY public.django_migrations (id, app, name, applied) FROM stdin;
1	contenttypes	0001_initial	2024-10-25 11:53:25.098498+00
2	contenttypes	0002_remove_content_type_name	2024-10-25 11:53:25.109851+00
3	auth	0001_initial	2024-10-25 11:53:25.176667+00
4	auth	0002_alter_permission_name_max_length	2024-10-25 11:53:25.18362+00
5	auth	0003_alter_user_email_max_length	2024-10-25 11:53:25.191006+00
6	auth	0004_alter_user_username_opts	2024-10-25 11:53:25.197375+00
7	auth	0005_alter_user_last_login_null	2024-10-25 11:53:25.203599+00
8	auth	0006_require_contenttypes_0002	2024-10-25 11:53:25.207272+00
9	auth	0007_alter_validators_add_error_messages	2024-10-25 11:53:25.215451+00
10	auth	0008_alter_user_username_max_length	2024-10-25 11:53:25.221533+00
11	auth	0009_alter_user_last_name_max_length	2024-10-25 11:53:25.227812+00
12	auth	0010_alter_group_name_max_length	2024-10-25 11:53:25.238061+00
13	auth	0011_update_proxy_permissions	2024-10-25 11:53:25.245552+00
14	auth	0012_alter_user_first_name_max_length	2024-10-25 11:53:25.251891+00
15	accounts	0001_initial	2024-10-25 11:53:25.370226+00
16	admin	0001_initial	2024-10-25 11:53:25.402413+00
17	admin	0002_logentry_remove_auto_add	2024-10-25 11:53:25.413699+00
18	admin	0003_logentry_add_action_flag_choices	2024-10-25 11:53:25.422121+00
19	authtoken	0001_initial	2024-10-25 11:53:25.449132+00
20	authtoken	0002_auto_20160226_1747	2024-10-25 11:53:25.471419+00
21	authtoken	0003_tokenproxy	2024-10-25 11:53:25.47642+00
22	authtoken	0004_alter_tokenproxy_options	2024-10-25 11:53:25.483756+00
23	cars	0001_initial	2024-10-25 11:53:25.795517+00
24	cars_posts	0001_initial	2024-10-25 11:53:26.067079+00
25	house	0001_initial	2024-10-25 11:53:26.33278+00
26	main	0001_initial	2024-10-25 11:53:26.397391+00
27	sessions	0001_initial	2024-10-25 11:53:26.422817+00
28	thumbnail	0001_initial	2024-10-25 11:53:26.448768+00
29	cars_posts	0002_carsposts_is_up_carsposts_up_expiration	2024-10-25 18:27:39.269567+00
30	cars_posts	0003_remove_carsposts_is_up_and_more	2024-10-25 18:27:50.49833+00
31	transactions	0001_initial	2024-10-25 18:27:50.550409+00
33	tariffs	0002_autoup_price	2024-10-25 19:31:51.305841+00
34	tariffs	0003_alter_autoup_options	2024-10-25 19:36:40.929492+00
35	tariffs	0004_urgent_alter_autoup_options	2024-10-25 20:03:50.683732+00
36	tariffs	0004_delete_autoup	2024-10-25 20:14:33.356628+00
37	tariffs	0001_initial	2024-10-25 20:24:47.083869+00
38	tariffs	0002_highlight	2024-10-25 20:45:32.748655+00
\.


--
-- Data for Name: django_session; Type: TABLE DATA; Schema: public; Owner: navisdevs
--

COPY public.django_session (session_key, session_data, expire_date) FROM stdin;
rt34y5srl4d5wgpkd62p96a5uvr6tvo6	.eJxVzLsOwjAMheF3yUwjO47ThpGdZ6icOqEF1Eq9TIh3h0odYD7_d16mlW3t223JczuoORungK6wq6BoqXwJVEXxUClj8AGIE3pz-mVJukced6t3GW-T7aZxnYdk98Qe62Kvk-bn5Wj_DnpZ-q-mGtBT4k5rYvQgTXI-FHLMMWNsMoAEksZzSOSkpgJZIacISR0jmvcHWc0_Zw:1t4Iu5:qfBnJxgDhJ9XF533LhIeV8J_wi4nWarhMNIEOiHvVPg	2024-11-08 11:54:53.453447+00
\.


--
-- Data for Name: house_communication; Type: TABLE DATA; Schema: public; Owner: navisdevs
--

COPY public.house_communication (id, has_light, has_gas, has_internet, has_heating, has_water, has_phone, has_sewage) FROM stdin;
\.


--
-- Data for Name: house_documents; Type: TABLE DATA; Schema: public; Owner: navisdevs
--

COPY public.house_documents (id, sale_contract, deed_of_gift, share_agreement, technical_passport, commissioning_certificate, red_book, green_book, certificate_of_right) FROM stdin;
\.


--
-- Data for Name: house_location; Type: TABLE DATA; Schema: public; Owner: navisdevs
--

COPY public.house_location (id, city, lat, lon, population, iso2, capital, admin_name, lft, rght, tree_id, level, parent_id) FROM stdin;
\.


--
-- Data for Name: house_miscellaneous; Type: TABLE DATA; Schema: public; Owner: navisdevs
--

COPY public.house_miscellaneous (id, plastic_windows, improved, studio_kitchen, new_plumbing, air_conditioner, isolated_rooms, built_in_kitchen, pantry, quiet_courtyard, convenient_for_business) FROM stdin;
\.


--
-- Data for Name: house_pictures; Type: TABLE DATA; Schema: public; Owner: navisdevs
--

COPY public.house_pictures (id, pictures, property_id) FROM stdin;
\.


--
-- Data for Name: house_property; Type: TABLE DATA; Schema: public; Owner: navisdevs
--

COPY public.house_property (id, type_deal, type_property, room_count, type_series, type_building, year_construction, floor_number, total_floors, general, residential, kitchen, ceiling_height, land_area, type_heating, type_condition, eni_code, street, house_number, intersection_with, point, youtube_url, description, price, currency, price_for, installment_type, mortage_type, exchange_type, advertiser_type, phone_connection, drinking_water, sewage, electricity, disposition_object, bathroom, parking, balkony, front_door, furniture, gas, internet, floor, phone_number, views, active_post, created_at, updated_at, communication_id, complex_name_id, documents_id, location_id, miscellaneous_id, security_id, user_id) FROM stdin;
\.


--
-- Data for Name: house_residentialcategory; Type: TABLE DATA; Schema: public; Owner: navisdevs
--

COPY public.house_residentialcategory (id, complex_name, price, object_state, ceiling_height, type_heating, type_building, storey, housing_class, lon, lat, about_complex, media, building_date, due_date, location_id) FROM stdin;
\.


--
-- Data for Name: house_security; Type: TABLE DATA; Schema: public; Owner: navisdevs
--

COPY public.house_security (id, window_bars, alarm_system, intercom, video_intercom, code_lock, video_surveillance, concierge) FROM stdin;
\.


--
-- Data for Name: main_comments; Type: TABLE DATA; Schema: public; Owner: navisdevs
--

COPY public.main_comments (id, content, object_id, created_at, lft, rght, tree_id, level, content_type_id, parent_id, user_id) FROM stdin;
\.


--
-- Data for Name: spatial_ref_sys; Type: TABLE DATA; Schema: public; Owner: navisdevs
--

COPY public.spatial_ref_sys (srid, auth_name, auth_srid, srtext, proj4text) FROM stdin;
\.


--
-- Data for Name: tariffs_autoup; Type: TABLE DATA; Schema: public; Owner: navisdevs
--

COPY public.tariffs_autoup (id, days, price) FROM stdin;
e06d73d0-78a3-44c7-a38f-60c6508f9025	2	40
3459d8fd-6b5f-4dd3-84b1-85e09c670f9c	5	90
58b081e6-3843-4154-96db-46a10d9ee0c2	7	120
4e33517a-3ecb-41b8-83cb-6e2bbfed3ef5	14	210
a61956a0-68dc-4d99-bcae-43b7124bd41e	30	370
\.


--
-- Data for Name: tariffs_highlight; Type: TABLE DATA; Schema: public; Owner: navisdevs
--

COPY public.tariffs_highlight (id, days, price) FROM stdin;
ec55f698-eb51-4ec9-9d97-401a8a4fdd0e	2	60
6b558d6d-4476-4ae7-a573-88e4aefb005a	5	140
991cf90b-2bd0-4e80-9709-6f520991db78	7	190
4335f63c-44e2-41e9-ae03-7d5a2b170375	14	350
\.


--
-- Data for Name: tariffs_urgent; Type: TABLE DATA; Schema: public; Owner: navisdevs
--

COPY public.tariffs_urgent (id, days, price) FROM stdin;
9a9476e2-fcb4-4093-96f1-159dd4398cfd	2	40
7f92fba2-dbeb-4c3c-943b-a74659019cc2	5	90
d0069662-3ef0-4528-8379-f8509963bf29	7	120
93b365a9-0e2a-4d91-92e5-6a661297afaa	14	210
\.


--
-- Data for Name: thumbnail_kvstore; Type: TABLE DATA; Schema: public; Owner: navisdevs
--

COPY public.thumbnail_kvstore (key, value) FROM stdin;
\.


--
-- Data for Name: transactions_transaction; Type: TABLE DATA; Schema: public; Owner: navisdevs
--

COPY public.transactions_transaction (id, user_id) FROM stdin;
\.


--
-- Data for Name: geocode_settings; Type: TABLE DATA; Schema: tiger; Owner: navisdevs
--

COPY tiger.geocode_settings (name, setting, unit, category, short_desc) FROM stdin;
\.


--
-- Data for Name: pagc_gaz; Type: TABLE DATA; Schema: tiger; Owner: navisdevs
--

COPY tiger.pagc_gaz (id, seq, word, stdword, token, is_custom) FROM stdin;
\.


--
-- Data for Name: pagc_lex; Type: TABLE DATA; Schema: tiger; Owner: navisdevs
--

COPY tiger.pagc_lex (id, seq, word, stdword, token, is_custom) FROM stdin;
\.


--
-- Data for Name: pagc_rules; Type: TABLE DATA; Schema: tiger; Owner: navisdevs
--

COPY tiger.pagc_rules (id, rule, is_custom) FROM stdin;
\.


--
-- Data for Name: topology; Type: TABLE DATA; Schema: topology; Owner: navisdevs
--

COPY topology.topology (id, name, srid, "precision", hasz) FROM stdin;
\.


--
-- Data for Name: layer; Type: TABLE DATA; Schema: topology; Owner: navisdevs
--

COPY topology.layer (topology_id, layer_id, schema_name, table_name, feature_column, feature_type, level, child_id) FROM stdin;
\.


--
-- Name: accounts_businessaccountimages_id_seq; Type: SEQUENCE SET; Schema: public; Owner: navisdevs
--

SELECT pg_catalog.setval('public.accounts_businessaccountimages_id_seq', 1, false);


--
-- Name: accounts_user_groups_id_seq; Type: SEQUENCE SET; Schema: public; Owner: navisdevs
--

SELECT pg_catalog.setval('public.accounts_user_groups_id_seq', 1, false);


--
-- Name: accounts_user_user_permissions_id_seq; Type: SEQUENCE SET; Schema: public; Owner: navisdevs
--

SELECT pg_catalog.setval('public.accounts_user_user_permissions_id_seq', 1, false);


--
-- Name: auth_group_id_seq; Type: SEQUENCE SET; Schema: public; Owner: navisdevs
--

SELECT pg_catalog.setval('public.auth_group_id_seq', 1, false);


--
-- Name: auth_group_permissions_id_seq; Type: SEQUENCE SET; Schema: public; Owner: navisdevs
--

SELECT pg_catalog.setval('public.auth_group_permissions_id_seq', 1, false);


--
-- Name: auth_permission_id_seq; Type: SEQUENCE SET; Schema: public; Owner: navisdevs
--

SELECT pg_catalog.setval('public.auth_permission_id_seq', 184, true);


--
-- Name: cars_permissionforfront_id_seq; Type: SEQUENCE SET; Schema: public; Owner: navisdevs
--

SELECT pg_catalog.setval('public.cars_permissionforfront_id_seq', 1, false);


--
-- Name: cars_posts_carsposts_likes_id_seq; Type: SEQUENCE SET; Schema: public; Owner: navisdevs
--

SELECT pg_catalog.setval('public.cars_posts_carsposts_likes_id_seq', 1, false);


--
-- Name: cars_posts_exterior_id_seq; Type: SEQUENCE SET; Schema: public; Owner: navisdevs
--

SELECT pg_catalog.setval('public.cars_posts_exterior_id_seq', 1, false);


--
-- Name: cars_posts_generaloptions_id_seq; Type: SEQUENCE SET; Schema: public; Owner: navisdevs
--

SELECT pg_catalog.setval('public.cars_posts_generaloptions_id_seq', 1, false);


--
-- Name: cars_posts_interior_id_seq; Type: SEQUENCE SET; Schema: public; Owner: navisdevs
--

SELECT pg_catalog.setval('public.cars_posts_interior_id_seq', 1, false);


--
-- Name: cars_posts_media_id_seq; Type: SEQUENCE SET; Schema: public; Owner: navisdevs
--

SELECT pg_catalog.setval('public.cars_posts_media_id_seq', 1, false);


--
-- Name: cars_posts_pictures_id_seq; Type: SEQUENCE SET; Schema: public; Owner: navisdevs
--

SELECT pg_catalog.setval('public.cars_posts_pictures_id_seq', 1, false);


--
-- Name: cars_posts_security_id_seq; Type: SEQUENCE SET; Schema: public; Owner: navisdevs
--

SELECT pg_catalog.setval('public.cars_posts_security_id_seq', 1, false);


--
-- Name: django_admin_log_id_seq; Type: SEQUENCE SET; Schema: public; Owner: navisdevs
--

SELECT pg_catalog.setval('public.django_admin_log_id_seq', 22, true);


--
-- Name: django_content_type_id_seq; Type: SEQUENCE SET; Schema: public; Owner: navisdevs
--

SELECT pg_catalog.setval('public.django_content_type_id_seq', 46, true);


--
-- Name: django_migrations_id_seq; Type: SEQUENCE SET; Schema: public; Owner: navisdevs
--

SELECT pg_catalog.setval('public.django_migrations_id_seq', 38, true);


--
-- Name: house_communication_id_seq; Type: SEQUENCE SET; Schema: public; Owner: navisdevs
--

SELECT pg_catalog.setval('public.house_communication_id_seq', 1, false);


--
-- Name: house_documents_id_seq; Type: SEQUENCE SET; Schema: public; Owner: navisdevs
--

SELECT pg_catalog.setval('public.house_documents_id_seq', 1, false);


--
-- Name: house_location_id_seq; Type: SEQUENCE SET; Schema: public; Owner: navisdevs
--

SELECT pg_catalog.setval('public.house_location_id_seq', 1, false);


--
-- Name: house_miscellaneous_id_seq; Type: SEQUENCE SET; Schema: public; Owner: navisdevs
--

SELECT pg_catalog.setval('public.house_miscellaneous_id_seq', 1, false);


--
-- Name: house_pictures_id_seq; Type: SEQUENCE SET; Schema: public; Owner: navisdevs
--

SELECT pg_catalog.setval('public.house_pictures_id_seq', 1, false);


--
-- Name: house_property_id_seq; Type: SEQUENCE SET; Schema: public; Owner: navisdevs
--

SELECT pg_catalog.setval('public.house_property_id_seq', 1, false);


--
-- Name: house_residentialcategory_id_seq; Type: SEQUENCE SET; Schema: public; Owner: navisdevs
--

SELECT pg_catalog.setval('public.house_residentialcategory_id_seq', 1, false);


--
-- Name: house_security_id_seq; Type: SEQUENCE SET; Schema: public; Owner: navisdevs
--

SELECT pg_catalog.setval('public.house_security_id_seq', 1, false);


--
-- Name: main_comments_id_seq; Type: SEQUENCE SET; Schema: public; Owner: navisdevs
--

SELECT pg_catalog.setval('public.main_comments_id_seq', 1, false);


--
-- Name: topology_id_seq; Type: SEQUENCE SET; Schema: topology; Owner: navisdevs
--

SELECT pg_catalog.setval('topology.topology_id_seq', 1, false);


--
-- Name: accounts_businessaccount accounts_businessaccount_pkey; Type: CONSTRAINT; Schema: public; Owner: navisdevs
--

ALTER TABLE ONLY public.accounts_businessaccount
    ADD CONSTRAINT accounts_businessaccount_pkey PRIMARY KEY (id);


--
-- Name: accounts_businessaccount accounts_businessaccount_user_id_key; Type: CONSTRAINT; Schema: public; Owner: navisdevs
--

ALTER TABLE ONLY public.accounts_businessaccount
    ADD CONSTRAINT accounts_businessaccount_user_id_key UNIQUE (user_id);


--
-- Name: accounts_businessaccountimages accounts_businessaccountimages_pkey; Type: CONSTRAINT; Schema: public; Owner: navisdevs
--

ALTER TABLE ONLY public.accounts_businessaccountimages
    ADD CONSTRAINT accounts_businessaccountimages_pkey PRIMARY KEY (id);


--
-- Name: accounts_tariffplan accounts_tariffplan_name_duration_days_6332c7d3_uniq; Type: CONSTRAINT; Schema: public; Owner: navisdevs
--

ALTER TABLE ONLY public.accounts_tariffplan
    ADD CONSTRAINT accounts_tariffplan_name_duration_days_6332c7d3_uniq UNIQUE (name, duration_days);


--
-- Name: accounts_tariffplan accounts_tariffplan_pkey; Type: CONSTRAINT; Schema: public; Owner: navisdevs
--

ALTER TABLE ONLY public.accounts_tariffplan
    ADD CONSTRAINT accounts_tariffplan_pkey PRIMARY KEY (id);


--
-- Name: accounts_user_groups accounts_user_groups_pkey; Type: CONSTRAINT; Schema: public; Owner: navisdevs
--

ALTER TABLE ONLY public.accounts_user_groups
    ADD CONSTRAINT accounts_user_groups_pkey PRIMARY KEY (id);


--
-- Name: accounts_user_groups accounts_user_groups_user_id_group_id_59c0b32f_uniq; Type: CONSTRAINT; Schema: public; Owner: navisdevs
--

ALTER TABLE ONLY public.accounts_user_groups
    ADD CONSTRAINT accounts_user_groups_user_id_group_id_59c0b32f_uniq UNIQUE (user_id, group_id);


--
-- Name: accounts_user accounts_user_pkey; Type: CONSTRAINT; Schema: public; Owner: navisdevs
--

ALTER TABLE ONLY public.accounts_user
    ADD CONSTRAINT accounts_user_pkey PRIMARY KEY (id);


--
-- Name: accounts_user_user_permissions accounts_user_user_permi_user_id_permission_id_2ab516c2_uniq; Type: CONSTRAINT; Schema: public; Owner: navisdevs
--

ALTER TABLE ONLY public.accounts_user_user_permissions
    ADD CONSTRAINT accounts_user_user_permi_user_id_permission_id_2ab516c2_uniq UNIQUE (user_id, permission_id);


--
-- Name: accounts_user_user_permissions accounts_user_user_permissions_pkey; Type: CONSTRAINT; Schema: public; Owner: navisdevs
--

ALTER TABLE ONLY public.accounts_user_user_permissions
    ADD CONSTRAINT accounts_user_user_permissions_pkey PRIMARY KEY (id);


--
-- Name: accounts_user accounts_user_username_key; Type: CONSTRAINT; Schema: public; Owner: navisdevs
--

ALTER TABLE ONLY public.accounts_user
    ADD CONSTRAINT accounts_user_username_key UNIQUE (username);


--
-- Name: auth_group auth_group_name_key; Type: CONSTRAINT; Schema: public; Owner: navisdevs
--

ALTER TABLE ONLY public.auth_group
    ADD CONSTRAINT auth_group_name_key UNIQUE (name);


--
-- Name: auth_group_permissions auth_group_permissions_group_id_permission_id_0cd325b0_uniq; Type: CONSTRAINT; Schema: public; Owner: navisdevs
--

ALTER TABLE ONLY public.auth_group_permissions
    ADD CONSTRAINT auth_group_permissions_group_id_permission_id_0cd325b0_uniq UNIQUE (group_id, permission_id);


--
-- Name: auth_group_permissions auth_group_permissions_pkey; Type: CONSTRAINT; Schema: public; Owner: navisdevs
--

ALTER TABLE ONLY public.auth_group_permissions
    ADD CONSTRAINT auth_group_permissions_pkey PRIMARY KEY (id);


--
-- Name: auth_group auth_group_pkey; Type: CONSTRAINT; Schema: public; Owner: navisdevs
--

ALTER TABLE ONLY public.auth_group
    ADD CONSTRAINT auth_group_pkey PRIMARY KEY (id);


--
-- Name: auth_permission auth_permission_content_type_id_codename_01ab375a_uniq; Type: CONSTRAINT; Schema: public; Owner: navisdevs
--

ALTER TABLE ONLY public.auth_permission
    ADD CONSTRAINT auth_permission_content_type_id_codename_01ab375a_uniq UNIQUE (content_type_id, codename);


--
-- Name: auth_permission auth_permission_pkey; Type: CONSTRAINT; Schema: public; Owner: navisdevs
--

ALTER TABLE ONLY public.auth_permission
    ADD CONSTRAINT auth_permission_pkey PRIMARY KEY (id);


--
-- Name: authtoken_token authtoken_token_pkey; Type: CONSTRAINT; Schema: public; Owner: navisdevs
--

ALTER TABLE ONLY public.authtoken_token
    ADD CONSTRAINT authtoken_token_pkey PRIMARY KEY (key);


--
-- Name: authtoken_token authtoken_token_user_id_key; Type: CONSTRAINT; Schema: public; Owner: navisdevs
--

ALTER TABLE ONLY public.authtoken_token
    ADD CONSTRAINT authtoken_token_user_id_key UNIQUE (user_id);


--
-- Name: cars_carcharacteristic cars_carcharacteristic_pkey; Type: CONSTRAINT; Schema: public; Owner: navisdevs
--

ALTER TABLE ONLY public.cars_carcharacteristic
    ADD CONSTRAINT cars_carcharacteristic_pkey PRIMARY KEY (id);


--
-- Name: cars_carcharacteristicvalue cars_carcharacteristicvalue_pkey; Type: CONSTRAINT; Schema: public; Owner: navisdevs
--

ALTER TABLE ONLY public.cars_carcharacteristicvalue
    ADD CONSTRAINT cars_carcharacteristicvalue_pkey PRIMARY KEY (id);


--
-- Name: cars_carcolors cars_carcolors_pkey; Type: CONSTRAINT; Schema: public; Owner: navisdevs
--

ALTER TABLE ONLY public.cars_carcolors
    ADD CONSTRAINT cars_carcolors_pkey PRIMARY KEY (id);


--
-- Name: cars_carequipment cars_carequipment_pkey; Type: CONSTRAINT; Schema: public; Owner: navisdevs
--

ALTER TABLE ONLY public.cars_carequipment
    ADD CONSTRAINT cars_carequipment_pkey PRIMARY KEY (id);


--
-- Name: cars_cargeneration cars_cargeneration_pkey; Type: CONSTRAINT; Schema: public; Owner: navisdevs
--

ALTER TABLE ONLY public.cars_cargeneration
    ADD CONSTRAINT cars_cargeneration_pkey PRIMARY KEY (id);


--
-- Name: cars_carmark cars_carmark_pkey; Type: CONSTRAINT; Schema: public; Owner: navisdevs
--

ALTER TABLE ONLY public.cars_carmark
    ADD CONSTRAINT cars_carmark_pkey PRIMARY KEY (id);


--
-- Name: cars_carmodel cars_carmodel_pkey; Type: CONSTRAINT; Schema: public; Owner: navisdevs
--

ALTER TABLE ONLY public.cars_carmodel
    ADD CONSTRAINT cars_carmodel_pkey PRIMARY KEY (id);


--
-- Name: cars_carmodification cars_carmodification_pkey; Type: CONSTRAINT; Schema: public; Owner: navisdevs
--

ALTER TABLE ONLY public.cars_carmodification
    ADD CONSTRAINT cars_carmodification_pkey PRIMARY KEY (id);


--
-- Name: cars_caroption cars_caroption_pkey; Type: CONSTRAINT; Schema: public; Owner: navisdevs
--

ALTER TABLE ONLY public.cars_caroption
    ADD CONSTRAINT cars_caroption_pkey PRIMARY KEY (id);


--
-- Name: cars_caroptionvalue cars_caroptionvalue_pkey; Type: CONSTRAINT; Schema: public; Owner: navisdevs
--

ALTER TABLE ONLY public.cars_caroptionvalue
    ADD CONSTRAINT cars_caroptionvalue_pkey PRIMARY KEY (id);


--
-- Name: cars_carserie cars_carserie_pkey; Type: CONSTRAINT; Schema: public; Owner: navisdevs
--

ALTER TABLE ONLY public.cars_carserie
    ADD CONSTRAINT cars_carserie_pkey PRIMARY KEY (id);


--
-- Name: cars_cartype cars_cartype_pkey; Type: CONSTRAINT; Schema: public; Owner: navisdevs
--

ALTER TABLE ONLY public.cars_cartype
    ADD CONSTRAINT cars_cartype_pkey PRIMARY KEY (id);


--
-- Name: cars_permissionforfront cars_permissionforfront_pkey; Type: CONSTRAINT; Schema: public; Owner: navisdevs
--

ALTER TABLE ONLY public.cars_permissionforfront
    ADD CONSTRAINT cars_permissionforfront_pkey PRIMARY KEY (id);


--
-- Name: cars_posts_carsposts cars_posts_carsposts_exterior_id_key; Type: CONSTRAINT; Schema: public; Owner: navisdevs
--

ALTER TABLE ONLY public.cars_posts_carsposts
    ADD CONSTRAINT cars_posts_carsposts_exterior_id_key UNIQUE (exterior_id);


--
-- Name: cars_posts_carsposts cars_posts_carsposts_interior_id_key; Type: CONSTRAINT; Schema: public; Owner: navisdevs
--

ALTER TABLE ONLY public.cars_posts_carsposts
    ADD CONSTRAINT cars_posts_carsposts_interior_id_key UNIQUE (interior_id);


--
-- Name: cars_posts_carsposts_likes cars_posts_carsposts_likes_carsposts_id_user_id_ae09d537_uniq; Type: CONSTRAINT; Schema: public; Owner: navisdevs
--

ALTER TABLE ONLY public.cars_posts_carsposts_likes
    ADD CONSTRAINT cars_posts_carsposts_likes_carsposts_id_user_id_ae09d537_uniq UNIQUE (carsposts_id, user_id);


--
-- Name: cars_posts_carsposts_likes cars_posts_carsposts_likes_pkey; Type: CONSTRAINT; Schema: public; Owner: navisdevs
--

ALTER TABLE ONLY public.cars_posts_carsposts_likes
    ADD CONSTRAINT cars_posts_carsposts_likes_pkey PRIMARY KEY (id);


--
-- Name: cars_posts_carsposts cars_posts_carsposts_media_id_key; Type: CONSTRAINT; Schema: public; Owner: navisdevs
--

ALTER TABLE ONLY public.cars_posts_carsposts
    ADD CONSTRAINT cars_posts_carsposts_media_id_key UNIQUE (media_id);


--
-- Name: cars_posts_carsposts cars_posts_carsposts_options_id_key; Type: CONSTRAINT; Schema: public; Owner: navisdevs
--

ALTER TABLE ONLY public.cars_posts_carsposts
    ADD CONSTRAINT cars_posts_carsposts_options_id_key UNIQUE (options_id);


--
-- Name: cars_posts_carsposts cars_posts_carsposts_pkey; Type: CONSTRAINT; Schema: public; Owner: navisdevs
--

ALTER TABLE ONLY public.cars_posts_carsposts
    ADD CONSTRAINT cars_posts_carsposts_pkey PRIMARY KEY (id);


--
-- Name: cars_posts_carsposts cars_posts_carsposts_security_id_key; Type: CONSTRAINT; Schema: public; Owner: navisdevs
--

ALTER TABLE ONLY public.cars_posts_carsposts
    ADD CONSTRAINT cars_posts_carsposts_security_id_key UNIQUE (security_id);


--
-- Name: cars_posts_exterior cars_posts_exterior_pkey; Type: CONSTRAINT; Schema: public; Owner: navisdevs
--

ALTER TABLE ONLY public.cars_posts_exterior
    ADD CONSTRAINT cars_posts_exterior_pkey PRIMARY KEY (id);


--
-- Name: cars_posts_generaloptions cars_posts_generaloptions_pkey; Type: CONSTRAINT; Schema: public; Owner: navisdevs
--

ALTER TABLE ONLY public.cars_posts_generaloptions
    ADD CONSTRAINT cars_posts_generaloptions_pkey PRIMARY KEY (id);


--
-- Name: cars_posts_interior cars_posts_interior_pkey; Type: CONSTRAINT; Schema: public; Owner: navisdevs
--

ALTER TABLE ONLY public.cars_posts_interior
    ADD CONSTRAINT cars_posts_interior_pkey PRIMARY KEY (id);


--
-- Name: cars_posts_media cars_posts_media_pkey; Type: CONSTRAINT; Schema: public; Owner: navisdevs
--

ALTER TABLE ONLY public.cars_posts_media
    ADD CONSTRAINT cars_posts_media_pkey PRIMARY KEY (id);


--
-- Name: cars_posts_pictures cars_posts_pictures_pkey; Type: CONSTRAINT; Schema: public; Owner: navisdevs
--

ALTER TABLE ONLY public.cars_posts_pictures
    ADD CONSTRAINT cars_posts_pictures_pkey PRIMARY KEY (id);


--
-- Name: cars_posts_security cars_posts_security_pkey; Type: CONSTRAINT; Schema: public; Owner: navisdevs
--

ALTER TABLE ONLY public.cars_posts_security
    ADD CONSTRAINT cars_posts_security_pkey PRIMARY KEY (id);


--
-- Name: django_admin_log django_admin_log_pkey; Type: CONSTRAINT; Schema: public; Owner: navisdevs
--

ALTER TABLE ONLY public.django_admin_log
    ADD CONSTRAINT django_admin_log_pkey PRIMARY KEY (id);


--
-- Name: django_content_type django_content_type_app_label_model_76bd3d3b_uniq; Type: CONSTRAINT; Schema: public; Owner: navisdevs
--

ALTER TABLE ONLY public.django_content_type
    ADD CONSTRAINT django_content_type_app_label_model_76bd3d3b_uniq UNIQUE (app_label, model);


--
-- Name: django_content_type django_content_type_pkey; Type: CONSTRAINT; Schema: public; Owner: navisdevs
--

ALTER TABLE ONLY public.django_content_type
    ADD CONSTRAINT django_content_type_pkey PRIMARY KEY (id);


--
-- Name: django_migrations django_migrations_pkey; Type: CONSTRAINT; Schema: public; Owner: navisdevs
--

ALTER TABLE ONLY public.django_migrations
    ADD CONSTRAINT django_migrations_pkey PRIMARY KEY (id);


--
-- Name: django_session django_session_pkey; Type: CONSTRAINT; Schema: public; Owner: navisdevs
--

ALTER TABLE ONLY public.django_session
    ADD CONSTRAINT django_session_pkey PRIMARY KEY (session_key);


--
-- Name: house_communication house_communication_pkey; Type: CONSTRAINT; Schema: public; Owner: navisdevs
--

ALTER TABLE ONLY public.house_communication
    ADD CONSTRAINT house_communication_pkey PRIMARY KEY (id);


--
-- Name: house_documents house_documents_pkey; Type: CONSTRAINT; Schema: public; Owner: navisdevs
--

ALTER TABLE ONLY public.house_documents
    ADD CONSTRAINT house_documents_pkey PRIMARY KEY (id);


--
-- Name: house_location house_location_pkey; Type: CONSTRAINT; Schema: public; Owner: navisdevs
--

ALTER TABLE ONLY public.house_location
    ADD CONSTRAINT house_location_pkey PRIMARY KEY (id);


--
-- Name: house_miscellaneous house_miscellaneous_pkey; Type: CONSTRAINT; Schema: public; Owner: navisdevs
--

ALTER TABLE ONLY public.house_miscellaneous
    ADD CONSTRAINT house_miscellaneous_pkey PRIMARY KEY (id);


--
-- Name: house_pictures house_pictures_pkey; Type: CONSTRAINT; Schema: public; Owner: navisdevs
--

ALTER TABLE ONLY public.house_pictures
    ADD CONSTRAINT house_pictures_pkey PRIMARY KEY (id);


--
-- Name: house_property house_property_documents_id_key; Type: CONSTRAINT; Schema: public; Owner: navisdevs
--

ALTER TABLE ONLY public.house_property
    ADD CONSTRAINT house_property_documents_id_key UNIQUE (documents_id);


--
-- Name: house_property house_property_miscellaneous_id_key; Type: CONSTRAINT; Schema: public; Owner: navisdevs
--

ALTER TABLE ONLY public.house_property
    ADD CONSTRAINT house_property_miscellaneous_id_key UNIQUE (miscellaneous_id);


--
-- Name: house_property house_property_pkey; Type: CONSTRAINT; Schema: public; Owner: navisdevs
--

ALTER TABLE ONLY public.house_property
    ADD CONSTRAINT house_property_pkey PRIMARY KEY (id);


--
-- Name: house_property house_property_security_id_key; Type: CONSTRAINT; Schema: public; Owner: navisdevs
--

ALTER TABLE ONLY public.house_property
    ADD CONSTRAINT house_property_security_id_key UNIQUE (security_id);


--
-- Name: house_residentialcategory house_residentialcategory_pkey; Type: CONSTRAINT; Schema: public; Owner: navisdevs
--

ALTER TABLE ONLY public.house_residentialcategory
    ADD CONSTRAINT house_residentialcategory_pkey PRIMARY KEY (id);


--
-- Name: house_security house_security_pkey; Type: CONSTRAINT; Schema: public; Owner: navisdevs
--

ALTER TABLE ONLY public.house_security
    ADD CONSTRAINT house_security_pkey PRIMARY KEY (id);


--
-- Name: main_comments main_comments_pkey; Type: CONSTRAINT; Schema: public; Owner: navisdevs
--

ALTER TABLE ONLY public.main_comments
    ADD CONSTRAINT main_comments_pkey PRIMARY KEY (id);


--
-- Name: tariffs_autoup tariffs_autoup_pkey; Type: CONSTRAINT; Schema: public; Owner: navisdevs
--

ALTER TABLE ONLY public.tariffs_autoup
    ADD CONSTRAINT tariffs_autoup_pkey PRIMARY KEY (id);


--
-- Name: tariffs_highlight tariffs_highlight_pkey; Type: CONSTRAINT; Schema: public; Owner: navisdevs
--

ALTER TABLE ONLY public.tariffs_highlight
    ADD CONSTRAINT tariffs_highlight_pkey PRIMARY KEY (id);


--
-- Name: tariffs_urgent tariffs_urgent_pkey; Type: CONSTRAINT; Schema: public; Owner: navisdevs
--

ALTER TABLE ONLY public.tariffs_urgent
    ADD CONSTRAINT tariffs_urgent_pkey PRIMARY KEY (id);


--
-- Name: thumbnail_kvstore thumbnail_kvstore_pkey; Type: CONSTRAINT; Schema: public; Owner: navisdevs
--

ALTER TABLE ONLY public.thumbnail_kvstore
    ADD CONSTRAINT thumbnail_kvstore_pkey PRIMARY KEY (key);


--
-- Name: transactions_transaction transactions_transaction_pkey; Type: CONSTRAINT; Schema: public; Owner: navisdevs
--

ALTER TABLE ONLY public.transactions_transaction
    ADD CONSTRAINT transactions_transaction_pkey PRIMARY KEY (id);


--
-- Name: accounts_businessaccountimages_main_id_cf9b462b; Type: INDEX; Schema: public; Owner: navisdevs
--

CREATE INDEX accounts_businessaccountimages_main_id_cf9b462b ON public.accounts_businessaccountimages USING btree (main_id);


--
-- Name: accounts_user_groups_group_id_bd11a704; Type: INDEX; Schema: public; Owner: navisdevs
--

CREATE INDEX accounts_user_groups_group_id_bd11a704 ON public.accounts_user_groups USING btree (group_id);


--
-- Name: accounts_user_groups_user_id_52b62117; Type: INDEX; Schema: public; Owner: navisdevs
--

CREATE INDEX accounts_user_groups_user_id_52b62117 ON public.accounts_user_groups USING btree (user_id);


--
-- Name: accounts_user_user_permissions_permission_id_113bb443; Type: INDEX; Schema: public; Owner: navisdevs
--

CREATE INDEX accounts_user_user_permissions_permission_id_113bb443 ON public.accounts_user_user_permissions USING btree (permission_id);


--
-- Name: accounts_user_user_permissions_user_id_e4f0a161; Type: INDEX; Schema: public; Owner: navisdevs
--

CREATE INDEX accounts_user_user_permissions_user_id_e4f0a161 ON public.accounts_user_user_permissions USING btree (user_id);


--
-- Name: accounts_user_username_6088629e_like; Type: INDEX; Schema: public; Owner: navisdevs
--

CREATE INDEX accounts_user_username_6088629e_like ON public.accounts_user USING btree (username varchar_pattern_ops);


--
-- Name: auth_group_name_a6ea08ec_like; Type: INDEX; Schema: public; Owner: navisdevs
--

CREATE INDEX auth_group_name_a6ea08ec_like ON public.auth_group USING btree (name varchar_pattern_ops);


--
-- Name: auth_group_permissions_group_id_b120cbf9; Type: INDEX; Schema: public; Owner: navisdevs
--

CREATE INDEX auth_group_permissions_group_id_b120cbf9 ON public.auth_group_permissions USING btree (group_id);


--
-- Name: auth_group_permissions_permission_id_84c5c92e; Type: INDEX; Schema: public; Owner: navisdevs
--

CREATE INDEX auth_group_permissions_permission_id_84c5c92e ON public.auth_group_permissions USING btree (permission_id);


--
-- Name: auth_permission_content_type_id_2f476e4b; Type: INDEX; Schema: public; Owner: navisdevs
--

CREATE INDEX auth_permission_content_type_id_2f476e4b ON public.auth_permission USING btree (content_type_id);


--
-- Name: authtoken_token_key_10f0b77e_like; Type: INDEX; Schema: public; Owner: navisdevs
--

CREATE INDEX authtoken_token_key_10f0b77e_like ON public.authtoken_token USING btree (key varchar_pattern_ops);


--
-- Name: cars_carcharacteristic_id_car_type_id_45fe90f0; Type: INDEX; Schema: public; Owner: navisdevs
--

CREATE INDEX cars_carcharacteristic_id_car_type_id_45fe90f0 ON public.cars_carcharacteristic USING btree (id_car_type_id);


--
-- Name: cars_carcharacteristic_id_parent_id_aa6b6285; Type: INDEX; Schema: public; Owner: navisdevs
--

CREATE INDEX cars_carcharacteristic_id_parent_id_aa6b6285 ON public.cars_carcharacteristic USING btree (id_parent_id);


--
-- Name: cars_carcharacteristicvalue_id_car_characteristic_id_271c43d9; Type: INDEX; Schema: public; Owner: navisdevs
--

CREATE INDEX cars_carcharacteristicvalue_id_car_characteristic_id_271c43d9 ON public.cars_carcharacteristicvalue USING btree (id_car_characteristic_id);


--
-- Name: cars_carcharacteristicvalue_id_car_modification_id_afcd7acd; Type: INDEX; Schema: public; Owner: navisdevs
--

CREATE INDEX cars_carcharacteristicvalue_id_car_modification_id_afcd7acd ON public.cars_carcharacteristicvalue USING btree (id_car_modification_id);


--
-- Name: cars_carcharacteristicvalue_id_car_type_id_407c0e15; Type: INDEX; Schema: public; Owner: navisdevs
--

CREATE INDEX cars_carcharacteristicvalue_id_car_type_id_407c0e15 ON public.cars_carcharacteristicvalue USING btree (id_car_type_id);


--
-- Name: cars_carcolors_id_4b98d34f_like; Type: INDEX; Schema: public; Owner: navisdevs
--

CREATE INDEX cars_carcolors_id_4b98d34f_like ON public.cars_carcolors USING btree (id varchar_pattern_ops);


--
-- Name: cars_carequipment_id_car_modification_id_b1c88dee; Type: INDEX; Schema: public; Owner: navisdevs
--

CREATE INDEX cars_carequipment_id_car_modification_id_b1c88dee ON public.cars_carequipment USING btree (id_car_modification_id);


--
-- Name: cars_carequipment_id_car_type_id_da506232; Type: INDEX; Schema: public; Owner: navisdevs
--

CREATE INDEX cars_carequipment_id_car_type_id_da506232 ON public.cars_carequipment USING btree (id_car_type_id);


--
-- Name: cars_cargeneration_id_car_model_id_775ee7aa; Type: INDEX; Schema: public; Owner: navisdevs
--

CREATE INDEX cars_cargeneration_id_car_model_id_775ee7aa ON public.cars_cargeneration USING btree (id_car_model_id);


--
-- Name: cars_cargeneration_id_car_type_id_3b430974; Type: INDEX; Schema: public; Owner: navisdevs
--

CREATE INDEX cars_cargeneration_id_car_type_id_3b430974 ON public.cars_cargeneration USING btree (id_car_type_id);


--
-- Name: cars_carmark_id_car_type_id_e5eb5f4b; Type: INDEX; Schema: public; Owner: navisdevs
--

CREATE INDEX cars_carmark_id_car_type_id_e5eb5f4b ON public.cars_carmark USING btree (id_car_type_id);


--
-- Name: cars_carmodel_id_car_mark_id_ca034e33; Type: INDEX; Schema: public; Owner: navisdevs
--

CREATE INDEX cars_carmodel_id_car_mark_id_ca034e33 ON public.cars_carmodel USING btree (id_car_mark_id);


--
-- Name: cars_carmodel_id_car_type_id_53833214; Type: INDEX; Schema: public; Owner: navisdevs
--

CREATE INDEX cars_carmodel_id_car_type_id_53833214 ON public.cars_carmodel USING btree (id_car_type_id);


--
-- Name: cars_carmodification_id_car_model_id_8094a385; Type: INDEX; Schema: public; Owner: navisdevs
--

CREATE INDEX cars_carmodification_id_car_model_id_8094a385 ON public.cars_carmodification USING btree (id_car_model_id);


--
-- Name: cars_carmodification_id_car_serie_id_fe26e448; Type: INDEX; Schema: public; Owner: navisdevs
--

CREATE INDEX cars_carmodification_id_car_serie_id_fe26e448 ON public.cars_carmodification USING btree (id_car_serie_id);


--
-- Name: cars_carmodification_id_car_type_id_fd36400b; Type: INDEX; Schema: public; Owner: navisdevs
--

CREATE INDEX cars_carmodification_id_car_type_id_fd36400b ON public.cars_carmodification USING btree (id_car_type_id);


--
-- Name: cars_caroption_id_car_type_id_9414009a; Type: INDEX; Schema: public; Owner: navisdevs
--

CREATE INDEX cars_caroption_id_car_type_id_9414009a ON public.cars_caroption USING btree (id_car_type_id);


--
-- Name: cars_caroption_id_parent_id_8293411c; Type: INDEX; Schema: public; Owner: navisdevs
--

CREATE INDEX cars_caroption_id_parent_id_8293411c ON public.cars_caroption USING btree (id_parent_id);


--
-- Name: cars_caroptionvalue_id_car_equipment_id_76537fc9; Type: INDEX; Schema: public; Owner: navisdevs
--

CREATE INDEX cars_caroptionvalue_id_car_equipment_id_76537fc9 ON public.cars_caroptionvalue USING btree (id_car_equipment_id);


--
-- Name: cars_caroptionvalue_id_car_option_id_d55400c3; Type: INDEX; Schema: public; Owner: navisdevs
--

CREATE INDEX cars_caroptionvalue_id_car_option_id_d55400c3 ON public.cars_caroptionvalue USING btree (id_car_option_id);


--
-- Name: cars_caroptionvalue_id_car_type_id_c62f5f5b; Type: INDEX; Schema: public; Owner: navisdevs
--

CREATE INDEX cars_caroptionvalue_id_car_type_id_c62f5f5b ON public.cars_caroptionvalue USING btree (id_car_type_id);


--
-- Name: cars_carserie_id_car_generation_id_c7f01aaa; Type: INDEX; Schema: public; Owner: navisdevs
--

CREATE INDEX cars_carserie_id_car_generation_id_c7f01aaa ON public.cars_carserie USING btree (id_car_generation_id);


--
-- Name: cars_carserie_id_car_model_id_48b34e83; Type: INDEX; Schema: public; Owner: navisdevs
--

CREATE INDEX cars_carserie_id_car_model_id_48b34e83 ON public.cars_carserie USING btree (id_car_model_id);


--
-- Name: cars_carserie_id_car_type_id_cc59ab7e; Type: INDEX; Schema: public; Owner: navisdevs
--

CREATE INDEX cars_carserie_id_car_type_id_cc59ab7e ON public.cars_carserie USING btree (id_car_type_id);


--
-- Name: cars_posts_carsposts_car_type_id_8fe12dd4; Type: INDEX; Schema: public; Owner: navisdevs
--

CREATE INDEX cars_posts_carsposts_car_type_id_8fe12dd4 ON public.cars_posts_carsposts USING btree (car_type_id);


--
-- Name: cars_posts_carsposts_color_id_1d37d635; Type: INDEX; Schema: public; Owner: navisdevs
--

CREATE INDEX cars_posts_carsposts_color_id_1d37d635 ON public.cars_posts_carsposts USING btree (color_id);


--
-- Name: cars_posts_carsposts_color_id_1d37d635_like; Type: INDEX; Schema: public; Owner: navisdevs
--

CREATE INDEX cars_posts_carsposts_color_id_1d37d635_like ON public.cars_posts_carsposts USING btree (color_id varchar_pattern_ops);


--
-- Name: cars_posts_carsposts_likes_carsposts_id_a5600850; Type: INDEX; Schema: public; Owner: navisdevs
--

CREATE INDEX cars_posts_carsposts_likes_carsposts_id_a5600850 ON public.cars_posts_carsposts_likes USING btree (carsposts_id);


--
-- Name: cars_posts_carsposts_likes_user_id_52c93dc2; Type: INDEX; Schema: public; Owner: navisdevs
--

CREATE INDEX cars_posts_carsposts_likes_user_id_52c93dc2 ON public.cars_posts_carsposts_likes USING btree (user_id);


--
-- Name: cars_posts_carsposts_mark_id_250b320a; Type: INDEX; Schema: public; Owner: navisdevs
--

CREATE INDEX cars_posts_carsposts_mark_id_250b320a ON public.cars_posts_carsposts USING btree (mark_id);


--
-- Name: cars_posts_carsposts_model_id_593a930e; Type: INDEX; Schema: public; Owner: navisdevs
--

CREATE INDEX cars_posts_carsposts_model_id_593a930e ON public.cars_posts_carsposts USING btree (model_id);


--
-- Name: cars_posts_carsposts_modification_id_cf2dd111; Type: INDEX; Schema: public; Owner: navisdevs
--

CREATE INDEX cars_posts_carsposts_modification_id_cf2dd111 ON public.cars_posts_carsposts USING btree (modification_id);


--
-- Name: cars_posts_carsposts_user_id_f663f8b7; Type: INDEX; Schema: public; Owner: navisdevs
--

CREATE INDEX cars_posts_carsposts_user_id_f663f8b7 ON public.cars_posts_carsposts USING btree (user_id);


--
-- Name: cars_posts_pictures_cars_id_1fe51c27; Type: INDEX; Schema: public; Owner: navisdevs
--

CREATE INDEX cars_posts_pictures_cars_id_1fe51c27 ON public.cars_posts_pictures USING btree (cars_id);


--
-- Name: django_admin_log_content_type_id_c4bce8eb; Type: INDEX; Schema: public; Owner: navisdevs
--

CREATE INDEX django_admin_log_content_type_id_c4bce8eb ON public.django_admin_log USING btree (content_type_id);


--
-- Name: django_admin_log_user_id_c564eba6; Type: INDEX; Schema: public; Owner: navisdevs
--

CREATE INDEX django_admin_log_user_id_c564eba6 ON public.django_admin_log USING btree (user_id);


--
-- Name: django_session_expire_date_a5c62663; Type: INDEX; Schema: public; Owner: navisdevs
--

CREATE INDEX django_session_expire_date_a5c62663 ON public.django_session USING btree (expire_date);


--
-- Name: django_session_session_key_c0390e0f_like; Type: INDEX; Schema: public; Owner: navisdevs
--

CREATE INDEX django_session_session_key_c0390e0f_like ON public.django_session USING btree (session_key varchar_pattern_ops);


--
-- Name: house_location_parent_id_7fb08113; Type: INDEX; Schema: public; Owner: navisdevs
--

CREATE INDEX house_location_parent_id_7fb08113 ON public.house_location USING btree (parent_id);


--
-- Name: house_location_tree_id_5c8af9c3; Type: INDEX; Schema: public; Owner: navisdevs
--

CREATE INDEX house_location_tree_id_5c8af9c3 ON public.house_location USING btree (tree_id);


--
-- Name: house_pictures_property_id_09ca3483; Type: INDEX; Schema: public; Owner: navisdevs
--

CREATE INDEX house_pictures_property_id_09ca3483 ON public.house_pictures USING btree (property_id);


--
-- Name: house_property_communication_id_b3df0c64; Type: INDEX; Schema: public; Owner: navisdevs
--

CREATE INDEX house_property_communication_id_b3df0c64 ON public.house_property USING btree (communication_id);


--
-- Name: house_property_complex_name_id_9daf1b32; Type: INDEX; Schema: public; Owner: navisdevs
--

CREATE INDEX house_property_complex_name_id_9daf1b32 ON public.house_property USING btree (complex_name_id);


--
-- Name: house_property_location_id_98a20eee; Type: INDEX; Schema: public; Owner: navisdevs
--

CREATE INDEX house_property_location_id_98a20eee ON public.house_property USING btree (location_id);


--
-- Name: house_property_point_52e4a6f0_id; Type: INDEX; Schema: public; Owner: navisdevs
--

CREATE INDEX house_property_point_52e4a6f0_id ON public.house_property USING gist (point);


--
-- Name: house_property_user_id_4d1ab9f4; Type: INDEX; Schema: public; Owner: navisdevs
--

CREATE INDEX house_property_user_id_4d1ab9f4 ON public.house_property USING btree (user_id);


--
-- Name: house_residentialcategory_location_id_426eae63; Type: INDEX; Schema: public; Owner: navisdevs
--

CREATE INDEX house_residentialcategory_location_id_426eae63 ON public.house_residentialcategory USING btree (location_id);


--
-- Name: main_comments_content_type_id_e3350aa0; Type: INDEX; Schema: public; Owner: navisdevs
--

CREATE INDEX main_comments_content_type_id_e3350aa0 ON public.main_comments USING btree (content_type_id);


--
-- Name: main_comments_parent_id_51a2e543; Type: INDEX; Schema: public; Owner: navisdevs
--

CREATE INDEX main_comments_parent_id_51a2e543 ON public.main_comments USING btree (parent_id);


--
-- Name: main_comments_tree_id_79f888a6; Type: INDEX; Schema: public; Owner: navisdevs
--

CREATE INDEX main_comments_tree_id_79f888a6 ON public.main_comments USING btree (tree_id);


--
-- Name: main_comments_user_id_cec9d4e7; Type: INDEX; Schema: public; Owner: navisdevs
--

CREATE INDEX main_comments_user_id_cec9d4e7 ON public.main_comments USING btree (user_id);


--
-- Name: thumbnail_kvstore_key_3f850178_like; Type: INDEX; Schema: public; Owner: navisdevs
--

CREATE INDEX thumbnail_kvstore_key_3f850178_like ON public.thumbnail_kvstore USING btree (key varchar_pattern_ops);


--
-- Name: transactions_transaction_user_id_b9ecc248; Type: INDEX; Schema: public; Owner: navisdevs
--

CREATE INDEX transactions_transaction_user_id_b9ecc248 ON public.transactions_transaction USING btree (user_id);


--
-- Name: accounts_businessaccountimages accounts_businessacc_main_id_cf9b462b_fk_accounts_; Type: FK CONSTRAINT; Schema: public; Owner: navisdevs
--

ALTER TABLE ONLY public.accounts_businessaccountimages
    ADD CONSTRAINT accounts_businessacc_main_id_cf9b462b_fk_accounts_ FOREIGN KEY (main_id) REFERENCES public.accounts_businessaccount(id) DEFERRABLE INITIALLY DEFERRED;


--
-- Name: accounts_businessaccount accounts_businessaccount_user_id_40572579_fk_accounts_user_id; Type: FK CONSTRAINT; Schema: public; Owner: navisdevs
--

ALTER TABLE ONLY public.accounts_businessaccount
    ADD CONSTRAINT accounts_businessaccount_user_id_40572579_fk_accounts_user_id FOREIGN KEY (user_id) REFERENCES public.accounts_user(id) DEFERRABLE INITIALLY DEFERRED;


--
-- Name: accounts_user_groups accounts_user_groups_group_id_bd11a704_fk_auth_group_id; Type: FK CONSTRAINT; Schema: public; Owner: navisdevs
--

ALTER TABLE ONLY public.accounts_user_groups
    ADD CONSTRAINT accounts_user_groups_group_id_bd11a704_fk_auth_group_id FOREIGN KEY (group_id) REFERENCES public.auth_group(id) DEFERRABLE INITIALLY DEFERRED;


--
-- Name: accounts_user_groups accounts_user_groups_user_id_52b62117_fk_accounts_user_id; Type: FK CONSTRAINT; Schema: public; Owner: navisdevs
--

ALTER TABLE ONLY public.accounts_user_groups
    ADD CONSTRAINT accounts_user_groups_user_id_52b62117_fk_accounts_user_id FOREIGN KEY (user_id) REFERENCES public.accounts_user(id) DEFERRABLE INITIALLY DEFERRED;


--
-- Name: accounts_user_user_permissions accounts_user_user_p_permission_id_113bb443_fk_auth_perm; Type: FK CONSTRAINT; Schema: public; Owner: navisdevs
--

ALTER TABLE ONLY public.accounts_user_user_permissions
    ADD CONSTRAINT accounts_user_user_p_permission_id_113bb443_fk_auth_perm FOREIGN KEY (permission_id) REFERENCES public.auth_permission(id) DEFERRABLE INITIALLY DEFERRED;


--
-- Name: accounts_user_user_permissions accounts_user_user_p_user_id_e4f0a161_fk_accounts_; Type: FK CONSTRAINT; Schema: public; Owner: navisdevs
--

ALTER TABLE ONLY public.accounts_user_user_permissions
    ADD CONSTRAINT accounts_user_user_p_user_id_e4f0a161_fk_accounts_ FOREIGN KEY (user_id) REFERENCES public.accounts_user(id) DEFERRABLE INITIALLY DEFERRED;


--
-- Name: auth_group_permissions auth_group_permissio_permission_id_84c5c92e_fk_auth_perm; Type: FK CONSTRAINT; Schema: public; Owner: navisdevs
--

ALTER TABLE ONLY public.auth_group_permissions
    ADD CONSTRAINT auth_group_permissio_permission_id_84c5c92e_fk_auth_perm FOREIGN KEY (permission_id) REFERENCES public.auth_permission(id) DEFERRABLE INITIALLY DEFERRED;


--
-- Name: auth_group_permissions auth_group_permissions_group_id_b120cbf9_fk_auth_group_id; Type: FK CONSTRAINT; Schema: public; Owner: navisdevs
--

ALTER TABLE ONLY public.auth_group_permissions
    ADD CONSTRAINT auth_group_permissions_group_id_b120cbf9_fk_auth_group_id FOREIGN KEY (group_id) REFERENCES public.auth_group(id) DEFERRABLE INITIALLY DEFERRED;


--
-- Name: auth_permission auth_permission_content_type_id_2f476e4b_fk_django_co; Type: FK CONSTRAINT; Schema: public; Owner: navisdevs
--

ALTER TABLE ONLY public.auth_permission
    ADD CONSTRAINT auth_permission_content_type_id_2f476e4b_fk_django_co FOREIGN KEY (content_type_id) REFERENCES public.django_content_type(id) DEFERRABLE INITIALLY DEFERRED;


--
-- Name: authtoken_token authtoken_token_user_id_35299eff_fk_accounts_user_id; Type: FK CONSTRAINT; Schema: public; Owner: navisdevs
--

ALTER TABLE ONLY public.authtoken_token
    ADD CONSTRAINT authtoken_token_user_id_35299eff_fk_accounts_user_id FOREIGN KEY (user_id) REFERENCES public.accounts_user(id) DEFERRABLE INITIALLY DEFERRED;


--
-- Name: cars_carcharacteristicvalue cars_carcharacterist_id_car_characteristi_271c43d9_fk_cars_carc; Type: FK CONSTRAINT; Schema: public; Owner: navisdevs
--

ALTER TABLE ONLY public.cars_carcharacteristicvalue
    ADD CONSTRAINT cars_carcharacterist_id_car_characteristi_271c43d9_fk_cars_carc FOREIGN KEY (id_car_characteristic_id) REFERENCES public.cars_carcharacteristic(id) DEFERRABLE INITIALLY DEFERRED;


--
-- Name: cars_carcharacteristicvalue cars_carcharacterist_id_car_modification__afcd7acd_fk_cars_carm; Type: FK CONSTRAINT; Schema: public; Owner: navisdevs
--

ALTER TABLE ONLY public.cars_carcharacteristicvalue
    ADD CONSTRAINT cars_carcharacterist_id_car_modification__afcd7acd_fk_cars_carm FOREIGN KEY (id_car_modification_id) REFERENCES public.cars_carmodification(id) DEFERRABLE INITIALLY DEFERRED;


--
-- Name: cars_carcharacteristicvalue cars_carcharacterist_id_car_type_id_407c0e15_fk_cars_cart; Type: FK CONSTRAINT; Schema: public; Owner: navisdevs
--

ALTER TABLE ONLY public.cars_carcharacteristicvalue
    ADD CONSTRAINT cars_carcharacterist_id_car_type_id_407c0e15_fk_cars_cart FOREIGN KEY (id_car_type_id) REFERENCES public.cars_cartype(id) DEFERRABLE INITIALLY DEFERRED;


--
-- Name: cars_carcharacteristic cars_carcharacterist_id_car_type_id_45fe90f0_fk_cars_cart; Type: FK CONSTRAINT; Schema: public; Owner: navisdevs
--

ALTER TABLE ONLY public.cars_carcharacteristic
    ADD CONSTRAINT cars_carcharacterist_id_car_type_id_45fe90f0_fk_cars_cart FOREIGN KEY (id_car_type_id) REFERENCES public.cars_cartype(id) DEFERRABLE INITIALLY DEFERRED;


--
-- Name: cars_carcharacteristic cars_carcharacterist_id_parent_id_aa6b6285_fk_cars_carc; Type: FK CONSTRAINT; Schema: public; Owner: navisdevs
--

ALTER TABLE ONLY public.cars_carcharacteristic
    ADD CONSTRAINT cars_carcharacterist_id_parent_id_aa6b6285_fk_cars_carc FOREIGN KEY (id_parent_id) REFERENCES public.cars_carcharacteristic(id) DEFERRABLE INITIALLY DEFERRED;


--
-- Name: cars_carequipment cars_carequipment_id_car_modification__b1c88dee_fk_cars_carm; Type: FK CONSTRAINT; Schema: public; Owner: navisdevs
--

ALTER TABLE ONLY public.cars_carequipment
    ADD CONSTRAINT cars_carequipment_id_car_modification__b1c88dee_fk_cars_carm FOREIGN KEY (id_car_modification_id) REFERENCES public.cars_carmodification(id) DEFERRABLE INITIALLY DEFERRED;


--
-- Name: cars_carequipment cars_carequipment_id_car_type_id_da506232_fk_cars_cartype_id; Type: FK CONSTRAINT; Schema: public; Owner: navisdevs
--

ALTER TABLE ONLY public.cars_carequipment
    ADD CONSTRAINT cars_carequipment_id_car_type_id_da506232_fk_cars_cartype_id FOREIGN KEY (id_car_type_id) REFERENCES public.cars_cartype(id) DEFERRABLE INITIALLY DEFERRED;


--
-- Name: cars_cargeneration cars_cargeneration_id_car_model_id_775ee7aa_fk_cars_carmodel_id; Type: FK CONSTRAINT; Schema: public; Owner: navisdevs
--

ALTER TABLE ONLY public.cars_cargeneration
    ADD CONSTRAINT cars_cargeneration_id_car_model_id_775ee7aa_fk_cars_carmodel_id FOREIGN KEY (id_car_model_id) REFERENCES public.cars_carmodel(id) DEFERRABLE INITIALLY DEFERRED;


--
-- Name: cars_cargeneration cars_cargeneration_id_car_type_id_3b430974_fk_cars_cartype_id; Type: FK CONSTRAINT; Schema: public; Owner: navisdevs
--

ALTER TABLE ONLY public.cars_cargeneration
    ADD CONSTRAINT cars_cargeneration_id_car_type_id_3b430974_fk_cars_cartype_id FOREIGN KEY (id_car_type_id) REFERENCES public.cars_cartype(id) DEFERRABLE INITIALLY DEFERRED;


--
-- Name: cars_carmark cars_carmark_id_car_type_id_e5eb5f4b_fk_cars_cartype_id; Type: FK CONSTRAINT; Schema: public; Owner: navisdevs
--

ALTER TABLE ONLY public.cars_carmark
    ADD CONSTRAINT cars_carmark_id_car_type_id_e5eb5f4b_fk_cars_cartype_id FOREIGN KEY (id_car_type_id) REFERENCES public.cars_cartype(id) DEFERRABLE INITIALLY DEFERRED;


--
-- Name: cars_carmodel cars_carmodel_id_car_mark_id_ca034e33_fk_cars_carmark_id; Type: FK CONSTRAINT; Schema: public; Owner: navisdevs
--

ALTER TABLE ONLY public.cars_carmodel
    ADD CONSTRAINT cars_carmodel_id_car_mark_id_ca034e33_fk_cars_carmark_id FOREIGN KEY (id_car_mark_id) REFERENCES public.cars_carmark(id) DEFERRABLE INITIALLY DEFERRED;


--
-- Name: cars_carmodel cars_carmodel_id_car_type_id_53833214_fk_cars_cartype_id; Type: FK CONSTRAINT; Schema: public; Owner: navisdevs
--

ALTER TABLE ONLY public.cars_carmodel
    ADD CONSTRAINT cars_carmodel_id_car_type_id_53833214_fk_cars_cartype_id FOREIGN KEY (id_car_type_id) REFERENCES public.cars_cartype(id) DEFERRABLE INITIALLY DEFERRED;


--
-- Name: cars_carmodification cars_carmodification_id_car_model_id_8094a385_fk_cars_carm; Type: FK CONSTRAINT; Schema: public; Owner: navisdevs
--

ALTER TABLE ONLY public.cars_carmodification
    ADD CONSTRAINT cars_carmodification_id_car_model_id_8094a385_fk_cars_carm FOREIGN KEY (id_car_model_id) REFERENCES public.cars_carmodel(id) DEFERRABLE INITIALLY DEFERRED;


--
-- Name: cars_carmodification cars_carmodification_id_car_serie_id_fe26e448_fk_cars_cars; Type: FK CONSTRAINT; Schema: public; Owner: navisdevs
--

ALTER TABLE ONLY public.cars_carmodification
    ADD CONSTRAINT cars_carmodification_id_car_serie_id_fe26e448_fk_cars_cars FOREIGN KEY (id_car_serie_id) REFERENCES public.cars_carserie(id) DEFERRABLE INITIALLY DEFERRED;


--
-- Name: cars_carmodification cars_carmodification_id_car_type_id_fd36400b_fk_cars_cartype_id; Type: FK CONSTRAINT; Schema: public; Owner: navisdevs
--

ALTER TABLE ONLY public.cars_carmodification
    ADD CONSTRAINT cars_carmodification_id_car_type_id_fd36400b_fk_cars_cartype_id FOREIGN KEY (id_car_type_id) REFERENCES public.cars_cartype(id) DEFERRABLE INITIALLY DEFERRED;


--
-- Name: cars_caroption cars_caroption_id_car_type_id_9414009a_fk_cars_cartype_id; Type: FK CONSTRAINT; Schema: public; Owner: navisdevs
--

ALTER TABLE ONLY public.cars_caroption
    ADD CONSTRAINT cars_caroption_id_car_type_id_9414009a_fk_cars_cartype_id FOREIGN KEY (id_car_type_id) REFERENCES public.cars_cartype(id) DEFERRABLE INITIALLY DEFERRED;


--
-- Name: cars_caroption cars_caroption_id_parent_id_8293411c_fk_cars_caroption_id; Type: FK CONSTRAINT; Schema: public; Owner: navisdevs
--

ALTER TABLE ONLY public.cars_caroption
    ADD CONSTRAINT cars_caroption_id_parent_id_8293411c_fk_cars_caroption_id FOREIGN KEY (id_parent_id) REFERENCES public.cars_caroption(id) DEFERRABLE INITIALLY DEFERRED;


--
-- Name: cars_caroptionvalue cars_caroptionvalue_id_car_equipment_id_76537fc9_fk_cars_care; Type: FK CONSTRAINT; Schema: public; Owner: navisdevs
--

ALTER TABLE ONLY public.cars_caroptionvalue
    ADD CONSTRAINT cars_caroptionvalue_id_car_equipment_id_76537fc9_fk_cars_care FOREIGN KEY (id_car_equipment_id) REFERENCES public.cars_carequipment(id) DEFERRABLE INITIALLY DEFERRED;


--
-- Name: cars_caroptionvalue cars_caroptionvalue_id_car_option_id_d55400c3_fk_cars_caro; Type: FK CONSTRAINT; Schema: public; Owner: navisdevs
--

ALTER TABLE ONLY public.cars_caroptionvalue
    ADD CONSTRAINT cars_caroptionvalue_id_car_option_id_d55400c3_fk_cars_caro FOREIGN KEY (id_car_option_id) REFERENCES public.cars_caroption(id) DEFERRABLE INITIALLY DEFERRED;


--
-- Name: cars_caroptionvalue cars_caroptionvalue_id_car_type_id_c62f5f5b_fk_cars_cartype_id; Type: FK CONSTRAINT; Schema: public; Owner: navisdevs
--

ALTER TABLE ONLY public.cars_caroptionvalue
    ADD CONSTRAINT cars_caroptionvalue_id_car_type_id_c62f5f5b_fk_cars_cartype_id FOREIGN KEY (id_car_type_id) REFERENCES public.cars_cartype(id) DEFERRABLE INITIALLY DEFERRED;


--
-- Name: cars_carserie cars_carserie_id_car_generation_id_c7f01aaa_fk_cars_carg; Type: FK CONSTRAINT; Schema: public; Owner: navisdevs
--

ALTER TABLE ONLY public.cars_carserie
    ADD CONSTRAINT cars_carserie_id_car_generation_id_c7f01aaa_fk_cars_carg FOREIGN KEY (id_car_generation_id) REFERENCES public.cars_cargeneration(id) DEFERRABLE INITIALLY DEFERRED;


--
-- Name: cars_carserie cars_carserie_id_car_model_id_48b34e83_fk_cars_carmodel_id; Type: FK CONSTRAINT; Schema: public; Owner: navisdevs
--

ALTER TABLE ONLY public.cars_carserie
    ADD CONSTRAINT cars_carserie_id_car_model_id_48b34e83_fk_cars_carmodel_id FOREIGN KEY (id_car_model_id) REFERENCES public.cars_carmodel(id) DEFERRABLE INITIALLY DEFERRED;


--
-- Name: cars_carserie cars_carserie_id_car_type_id_cc59ab7e_fk_cars_cartype_id; Type: FK CONSTRAINT; Schema: public; Owner: navisdevs
--

ALTER TABLE ONLY public.cars_carserie
    ADD CONSTRAINT cars_carserie_id_car_type_id_cc59ab7e_fk_cars_cartype_id FOREIGN KEY (id_car_type_id) REFERENCES public.cars_cartype(id) DEFERRABLE INITIALLY DEFERRED;


--
-- Name: cars_posts_carsposts cars_posts_carsposts_car_type_id_8fe12dd4_fk_cars_cartype_id; Type: FK CONSTRAINT; Schema: public; Owner: navisdevs
--

ALTER TABLE ONLY public.cars_posts_carsposts
    ADD CONSTRAINT cars_posts_carsposts_car_type_id_8fe12dd4_fk_cars_cartype_id FOREIGN KEY (car_type_id) REFERENCES public.cars_cartype(id) DEFERRABLE INITIALLY DEFERRED;


--
-- Name: cars_posts_carsposts_likes cars_posts_carsposts_carsposts_id_a5600850_fk_cars_post; Type: FK CONSTRAINT; Schema: public; Owner: navisdevs
--

ALTER TABLE ONLY public.cars_posts_carsposts_likes
    ADD CONSTRAINT cars_posts_carsposts_carsposts_id_a5600850_fk_cars_post FOREIGN KEY (carsposts_id) REFERENCES public.cars_posts_carsposts(id) DEFERRABLE INITIALLY DEFERRED;


--
-- Name: cars_posts_carsposts cars_posts_carsposts_color_id_1d37d635_fk_cars_carcolors_id; Type: FK CONSTRAINT; Schema: public; Owner: navisdevs
--

ALTER TABLE ONLY public.cars_posts_carsposts
    ADD CONSTRAINT cars_posts_carsposts_color_id_1d37d635_fk_cars_carcolors_id FOREIGN KEY (color_id) REFERENCES public.cars_carcolors(id) DEFERRABLE INITIALLY DEFERRED;


--
-- Name: cars_posts_carsposts cars_posts_carsposts_exterior_id_1f046205_fk_cars_post; Type: FK CONSTRAINT; Schema: public; Owner: navisdevs
--

ALTER TABLE ONLY public.cars_posts_carsposts
    ADD CONSTRAINT cars_posts_carsposts_exterior_id_1f046205_fk_cars_post FOREIGN KEY (exterior_id) REFERENCES public.cars_posts_exterior(id) DEFERRABLE INITIALLY DEFERRED;


--
-- Name: cars_posts_carsposts cars_posts_carsposts_interior_id_7493fc1a_fk_cars_post; Type: FK CONSTRAINT; Schema: public; Owner: navisdevs
--

ALTER TABLE ONLY public.cars_posts_carsposts
    ADD CONSTRAINT cars_posts_carsposts_interior_id_7493fc1a_fk_cars_post FOREIGN KEY (interior_id) REFERENCES public.cars_posts_interior(id) DEFERRABLE INITIALLY DEFERRED;


--
-- Name: cars_posts_carsposts_likes cars_posts_carsposts_likes_user_id_52c93dc2_fk_accounts_user_id; Type: FK CONSTRAINT; Schema: public; Owner: navisdevs
--

ALTER TABLE ONLY public.cars_posts_carsposts_likes
    ADD CONSTRAINT cars_posts_carsposts_likes_user_id_52c93dc2_fk_accounts_user_id FOREIGN KEY (user_id) REFERENCES public.accounts_user(id) DEFERRABLE INITIALLY DEFERRED;


--
-- Name: cars_posts_carsposts cars_posts_carsposts_mark_id_250b320a_fk_cars_carmark_id; Type: FK CONSTRAINT; Schema: public; Owner: navisdevs
--

ALTER TABLE ONLY public.cars_posts_carsposts
    ADD CONSTRAINT cars_posts_carsposts_mark_id_250b320a_fk_cars_carmark_id FOREIGN KEY (mark_id) REFERENCES public.cars_carmark(id) DEFERRABLE INITIALLY DEFERRED;


--
-- Name: cars_posts_carsposts cars_posts_carsposts_media_id_68cdb8ff_fk_cars_posts_media_id; Type: FK CONSTRAINT; Schema: public; Owner: navisdevs
--

ALTER TABLE ONLY public.cars_posts_carsposts
    ADD CONSTRAINT cars_posts_carsposts_media_id_68cdb8ff_fk_cars_posts_media_id FOREIGN KEY (media_id) REFERENCES public.cars_posts_media(id) DEFERRABLE INITIALLY DEFERRED;


--
-- Name: cars_posts_carsposts cars_posts_carsposts_model_id_593a930e_fk_cars_carmodel_id; Type: FK CONSTRAINT; Schema: public; Owner: navisdevs
--

ALTER TABLE ONLY public.cars_posts_carsposts
    ADD CONSTRAINT cars_posts_carsposts_model_id_593a930e_fk_cars_carmodel_id FOREIGN KEY (model_id) REFERENCES public.cars_carmodel(id) DEFERRABLE INITIALLY DEFERRED;


--
-- Name: cars_posts_carsposts cars_posts_carsposts_modification_id_cf2dd111_fk_cars_carm; Type: FK CONSTRAINT; Schema: public; Owner: navisdevs
--

ALTER TABLE ONLY public.cars_posts_carsposts
    ADD CONSTRAINT cars_posts_carsposts_modification_id_cf2dd111_fk_cars_carm FOREIGN KEY (modification_id) REFERENCES public.cars_carmodification(id) DEFERRABLE INITIALLY DEFERRED;


--
-- Name: cars_posts_carsposts cars_posts_carsposts_options_id_819a8658_fk_cars_post; Type: FK CONSTRAINT; Schema: public; Owner: navisdevs
--

ALTER TABLE ONLY public.cars_posts_carsposts
    ADD CONSTRAINT cars_posts_carsposts_options_id_819a8658_fk_cars_post FOREIGN KEY (options_id) REFERENCES public.cars_posts_generaloptions(id) DEFERRABLE INITIALLY DEFERRED;


--
-- Name: cars_posts_carsposts cars_posts_carsposts_security_id_c34f5d05_fk_cars_post; Type: FK CONSTRAINT; Schema: public; Owner: navisdevs
--

ALTER TABLE ONLY public.cars_posts_carsposts
    ADD CONSTRAINT cars_posts_carsposts_security_id_c34f5d05_fk_cars_post FOREIGN KEY (security_id) REFERENCES public.cars_posts_security(id) DEFERRABLE INITIALLY DEFERRED;


--
-- Name: cars_posts_carsposts cars_posts_carsposts_user_id_f663f8b7_fk_accounts_user_id; Type: FK CONSTRAINT; Schema: public; Owner: navisdevs
--

ALTER TABLE ONLY public.cars_posts_carsposts
    ADD CONSTRAINT cars_posts_carsposts_user_id_f663f8b7_fk_accounts_user_id FOREIGN KEY (user_id) REFERENCES public.accounts_user(id) DEFERRABLE INITIALLY DEFERRED;


--
-- Name: cars_posts_pictures cars_posts_pictures_cars_id_1fe51c27_fk_cars_posts_carsposts_id; Type: FK CONSTRAINT; Schema: public; Owner: navisdevs
--

ALTER TABLE ONLY public.cars_posts_pictures
    ADD CONSTRAINT cars_posts_pictures_cars_id_1fe51c27_fk_cars_posts_carsposts_id FOREIGN KEY (cars_id) REFERENCES public.cars_posts_carsposts(id) DEFERRABLE INITIALLY DEFERRED;


--
-- Name: django_admin_log django_admin_log_content_type_id_c4bce8eb_fk_django_co; Type: FK CONSTRAINT; Schema: public; Owner: navisdevs
--

ALTER TABLE ONLY public.django_admin_log
    ADD CONSTRAINT django_admin_log_content_type_id_c4bce8eb_fk_django_co FOREIGN KEY (content_type_id) REFERENCES public.django_content_type(id) DEFERRABLE INITIALLY DEFERRED;


--
-- Name: django_admin_log django_admin_log_user_id_c564eba6_fk_accounts_user_id; Type: FK CONSTRAINT; Schema: public; Owner: navisdevs
--

ALTER TABLE ONLY public.django_admin_log
    ADD CONSTRAINT django_admin_log_user_id_c564eba6_fk_accounts_user_id FOREIGN KEY (user_id) REFERENCES public.accounts_user(id) DEFERRABLE INITIALLY DEFERRED;


--
-- Name: house_location house_location_parent_id_7fb08113_fk_house_location_id; Type: FK CONSTRAINT; Schema: public; Owner: navisdevs
--

ALTER TABLE ONLY public.house_location
    ADD CONSTRAINT house_location_parent_id_7fb08113_fk_house_location_id FOREIGN KEY (parent_id) REFERENCES public.house_location(id) DEFERRABLE INITIALLY DEFERRED;


--
-- Name: house_pictures house_pictures_property_id_09ca3483_fk_house_property_id; Type: FK CONSTRAINT; Schema: public; Owner: navisdevs
--

ALTER TABLE ONLY public.house_pictures
    ADD CONSTRAINT house_pictures_property_id_09ca3483_fk_house_property_id FOREIGN KEY (property_id) REFERENCES public.house_property(id) DEFERRABLE INITIALLY DEFERRED;


--
-- Name: house_property house_property_communication_id_b3df0c64_fk_house_com; Type: FK CONSTRAINT; Schema: public; Owner: navisdevs
--

ALTER TABLE ONLY public.house_property
    ADD CONSTRAINT house_property_communication_id_b3df0c64_fk_house_com FOREIGN KEY (communication_id) REFERENCES public.house_communication(id) DEFERRABLE INITIALLY DEFERRED;


--
-- Name: house_property house_property_complex_name_id_9daf1b32_fk_house_res; Type: FK CONSTRAINT; Schema: public; Owner: navisdevs
--

ALTER TABLE ONLY public.house_property
    ADD CONSTRAINT house_property_complex_name_id_9daf1b32_fk_house_res FOREIGN KEY (complex_name_id) REFERENCES public.house_residentialcategory(id) DEFERRABLE INITIALLY DEFERRED;


--
-- Name: house_property house_property_documents_id_8943f12c_fk_house_documents_id; Type: FK CONSTRAINT; Schema: public; Owner: navisdevs
--

ALTER TABLE ONLY public.house_property
    ADD CONSTRAINT house_property_documents_id_8943f12c_fk_house_documents_id FOREIGN KEY (documents_id) REFERENCES public.house_documents(id) DEFERRABLE INITIALLY DEFERRED;


--
-- Name: house_property house_property_location_id_98a20eee_fk_house_location_id; Type: FK CONSTRAINT; Schema: public; Owner: navisdevs
--

ALTER TABLE ONLY public.house_property
    ADD CONSTRAINT house_property_location_id_98a20eee_fk_house_location_id FOREIGN KEY (location_id) REFERENCES public.house_location(id) DEFERRABLE INITIALLY DEFERRED;


--
-- Name: house_property house_property_miscellaneous_id_e9c72b5b_fk_house_mis; Type: FK CONSTRAINT; Schema: public; Owner: navisdevs
--

ALTER TABLE ONLY public.house_property
    ADD CONSTRAINT house_property_miscellaneous_id_e9c72b5b_fk_house_mis FOREIGN KEY (miscellaneous_id) REFERENCES public.house_miscellaneous(id) DEFERRABLE INITIALLY DEFERRED;


--
-- Name: house_property house_property_security_id_d4a7feec_fk_house_security_id; Type: FK CONSTRAINT; Schema: public; Owner: navisdevs
--

ALTER TABLE ONLY public.house_property
    ADD CONSTRAINT house_property_security_id_d4a7feec_fk_house_security_id FOREIGN KEY (security_id) REFERENCES public.house_security(id) DEFERRABLE INITIALLY DEFERRED;


--
-- Name: house_property house_property_user_id_4d1ab9f4_fk_accounts_user_id; Type: FK CONSTRAINT; Schema: public; Owner: navisdevs
--

ALTER TABLE ONLY public.house_property
    ADD CONSTRAINT house_property_user_id_4d1ab9f4_fk_accounts_user_id FOREIGN KEY (user_id) REFERENCES public.accounts_user(id) DEFERRABLE INITIALLY DEFERRED;


--
-- Name: house_residentialcategory house_residentialcat_location_id_426eae63_fk_house_loc; Type: FK CONSTRAINT; Schema: public; Owner: navisdevs
--

ALTER TABLE ONLY public.house_residentialcategory
    ADD CONSTRAINT house_residentialcat_location_id_426eae63_fk_house_loc FOREIGN KEY (location_id) REFERENCES public.house_location(id) DEFERRABLE INITIALLY DEFERRED;


--
-- Name: main_comments main_comments_content_type_id_e3350aa0_fk_django_co; Type: FK CONSTRAINT; Schema: public; Owner: navisdevs
--

ALTER TABLE ONLY public.main_comments
    ADD CONSTRAINT main_comments_content_type_id_e3350aa0_fk_django_co FOREIGN KEY (content_type_id) REFERENCES public.django_content_type(id) DEFERRABLE INITIALLY DEFERRED;


--
-- Name: main_comments main_comments_parent_id_51a2e543_fk_main_comments_id; Type: FK CONSTRAINT; Schema: public; Owner: navisdevs
--

ALTER TABLE ONLY public.main_comments
    ADD CONSTRAINT main_comments_parent_id_51a2e543_fk_main_comments_id FOREIGN KEY (parent_id) REFERENCES public.main_comments(id) DEFERRABLE INITIALLY DEFERRED;


--
-- Name: main_comments main_comments_user_id_cec9d4e7_fk_accounts_user_id; Type: FK CONSTRAINT; Schema: public; Owner: navisdevs
--

ALTER TABLE ONLY public.main_comments
    ADD CONSTRAINT main_comments_user_id_cec9d4e7_fk_accounts_user_id FOREIGN KEY (user_id) REFERENCES public.accounts_user(id) DEFERRABLE INITIALLY DEFERRED;


--
-- Name: transactions_transaction transactions_transaction_user_id_b9ecc248_fk_accounts_user_id; Type: FK CONSTRAINT; Schema: public; Owner: navisdevs
--

ALTER TABLE ONLY public.transactions_transaction
    ADD CONSTRAINT transactions_transaction_user_id_b9ecc248_fk_accounts_user_id FOREIGN KEY (user_id) REFERENCES public.accounts_user(id) DEFERRABLE INITIALLY DEFERRED;


--
-- PostgreSQL database dump complete
--

